wals_code,1A,2A,3A,4A,5A,6A,7A,8A,9A,10A,10B,11A,12A,13A,14A,15A,16A,17A,18A,19A,20A,21A,21B,22A,23A,24A,25A,25B,26A,27A,28A,29A,30A,31A,32A,33A,34A,35A,36A,37A,38A,39A,39B,40A,41A,42A,43A,44A,45A,46A,47A,48A,49A,50A,51A,52A,53A,54A,55A,56A,57A,58A,58B,59A,60A,61A,62A,63A,64A,65A,66A,67A,68A,69A,70A,71A,72A,73A,74A,75A,76A,77A,78A,79A,79B,80A,81A,81B,82A,83A,84A,85A,86A,87A,88A,89A,90A,90B,90C,90D,90E,90F,90G,91A,92A,93A,94A,95A,96A,97A,98A,99A,100A,101A,102A,103A,104A,105A,106A,107A,108A,108B,109A,109B,110A,111A,112A,113A,114A,115A,116A,117A,118A,119A,120A,121A,122A,123A,124A,125A,126A,127A,128A,129A,130A,130B,131A,132A,133A,134A,135A,136A,136B,137A,137B,138A,139A,140A,141A,142A,143A,143B,143C,143D,143E,143F,143G,144A,144B,144C,144D,144E,144F,144G,144H,144I,144J,144K,144L,144M,144N,144O,144P,144Q,144R,144S,144T,144U,144V,144W,144X,144Y
eng,3,3,1,4,2,1,1,2,2,2,,1,3,1,1,4,4,1,1,5,1,5,1,2,2,2,2,2,2,3,2,2,3,2,2,2,6,4,4,1,1,3,,2,2,1,2,3,1,2,1,2,2,3,9,1,7,1,1,2,4,2,1,1,6,6,6,1,1,2,1,2,1,2,5,1,4,2,2,1,1,1,1,1,5,1,2,,1,2,1,2,3,1,1,1,1,,1,,,,,1,6,1,1,4,4,3,1,2,2,1,2,2,1,4,2,1,3,4,8,5,1,2,2,3,3,3,4,5,2,2,1,4,1,1,1,2,2,2,1,2,2,,1,7,7,1,1,1,2,1,1,2,,,,2,1,,,,1,4,4,2,3,,2,,,,4,1,7,4,,,,,,,,,,,,,,
dut,,,,,,,,,,,,,,,1,4,3,1,,,,,,,,,,,2,,,,,,,2,6,,4,1,1,,,,,,,3,2,3,1,2,1,3,9,,6,1,,2,4,,,,,,3,1,,,,,,2,4,1,4,,2,1,1,2,5,1,5,1,7,1,1,3,6,2,2,1,1,1,1,,1,,,,,,6,,1,5,5,5,,,2,1,2,2,1,,,1,,,,,,,2,,,2,4,5,2,2,1,4,,,,,,,,2,2,,,,,,,,,,,2,,,,2,6,,,,1,1,4,16,6,,13,15,,,4,8,7,1,15,9,,,4,4,1,11,,,,,,
ger,3,3,1,4,2,3,1,2,2,2,,2,3,1,1,4,3,1,1,1,1,2,1,2,2,2,2,2,2,3,3,2,3,2,3,2,6,4,3,1,2,3,,3,1,1,5,3,2,4,2,2,4,6,1,1,6,5,1,,4,2,1,1,,,3,,1,2,1,2,1,2,2,1,4,2,2,1,1,2,5,1,5,1,7,1,1,3,6,2,2,1,1,1,1,,1,,,,,1,6,1,1,5,5,5,2,2,2,1,2,2,1,1,3,1,3,4,8,5,1,2,2,1,7,2,4,,,,,,1,1,1,2,2,1,,2,2,,1,7,7,1,1,2,2,1,1,2,,,,2,6,,,,1,1,4,16,6,,13,15,,,4,8,7,1,15,9,,,4,4,1,11,,,,,,
swe,,,,,,,,,,,,,,,1,4,4,5,,,,,,,,,,,2,,,,,,,2,6,,,3,2,,,,2,1,,,2,3,1,,2,3,9,1,7,,,,4,,,,,,5,1,,2,1,2,1,2,4,1,4,2,2,1,1,2,6,1,5,1,2,,1,2,1,2,1,1,1,1,1,,1,,,,,1,6,1,1,4,4,3,,,,1,,,,,,,,,,,,,2,,,3,4,5,2,2,1,,,,,,,,,,,,,,,,,,,,,2,,,,2,6,,,,1,1,4,16,,,13,1,,,4,1,1,4,,,,,,,,,,,,,,
fre,3,3,1,4,2,3,1,2,3,1,,2,3,1,1,3,5,4,1,1,1,5,2,3,4,2,5,2,2,3,3,2,2,2,3,2,6,6,4,1,2,3,,3,1,2,5,3,2,2,2,2,1,1,7,1,7,1,1,1,4,2,1,1,6,2,3,1,1,1,1,1,1,2,2,1,4,2,2,1,1,2,5,3,5,1,2,,1,2,1,2,2,2,1,1,1,,1,,,,,1,1,1,1,4,4,4,1,2,2,1,2,2,1,1,3,1,3,4,8,5,,4,2,1,7,3,1,,2,2,1,4,1,1,1,3,2,2,2,2,2,,1,7,7,1,1,2,2,1,1,2,,,,,15,,2,,1,1,4,19,4,,15,,,3,4,5,3,4,,,,,,,,,,,,,,
ita,,,,,,,,,,,,,,,1,3,6,4,,,,,,,,,,,2,3,,,,,,2,6,,4,1,2,,,,2,1,,3,2,2,2,2,1,3,9,1,7,,,,4,,,,,,,,1,,,,,2,2,3,4,,2,1,1,,,,,,2,,3,2,,2,2,2,1,1,1,,1,,,,,1,6,,1,4,4,4,,,2,2,2,2,1,1,,1,,,,,,,2,1,7,3,6,,,,,,1,1,,3,2,2,2,2,2,,,,,,,,,,,2,,,,1,1,,,,1,4,4,2,3,,2,,,,4,1,7,4,,,,,,,,,,,,,,
rus,4,2,5,4,2,1,1,2,3,2,,1,3,1,1,5,6,5,1,1,1,2,1,3,2,2,2,2,2,3,3,3,3,2,3,2,6,6,4,5,5,3,,3,2,1,,3,2,1,2,2,6,6,1,3,7,5,1,,4,2,1,1,6,2,3,1,1,1,1,2,4,4,1,1,4,2,2,1,1,1,1,3,2,1,2,,1,2,,2,2,1,1,1,1,,1,,,,,1,3,1,1,4,4,3,2,2,2,1,2,2,1,1,3,1,3,4,8,5,2,2,2,1,7,1,1,1,2,2,2,4,1,1,1,2,2,2,1,1,2,,1,7,7,1,1,2,2,1,1,1,,,,2,1,,,,1,4,4,2,3,,2,,,,4,1,7,4,,,,,,,,,,,,,,
spa,4,2,3,3,1,1,1,2,3,2,,1,2,1,1,3,7,1,1,5,1,1,2,3,3,2,5,2,2,3,3,2,2,2,3,2,6,5,4,1,2,3,,3,3,1,1,1,2,3,2,2,1,3,9,,7,1,,,4,2,1,1,,2,3,1,1,1,1,1,1,2,1,3,4,2,2,1,1,1,1,3,2,1,2,,3,2,1,2,2,2,1,1,1,,1,,,,,1,6,1,1,4,4,4,2,2,2,2,5,2,3,1,3,1,3,4,8,5,3,4,2,1,7,3,4,5,2,1,1,4,4,1,1,3,2,2,2,2,2,,1,7,7,1,1,2,2,1,1,2,,,,2,1,,,,1,4,4,2,3,,2,,,,4,1,7,4,,,,,,,,,,,,,,
pol,4,2,5,4,2,1,1,2,,,,1,3,1,6,8,1,1,1,1,,,,,,,,,2,,,,,,,2,,,1,5,5,,,,,,,2,2,1,2,2,6,6,1,2,7,5,,,,,,,,,,1,,,,,,2,1,1,4,,2,1,1,,,3,5,1,2,,3,2,,2,2,1,1,1,1,,1,,,,,1,1,1,1,4,4,3,,,2,3,2,2,1,,3,1,,,,,,,2,,,1,1,5,2,2,2,,,,,,,,,2,2,,,,,,,,,,,3,,,,,1,,,,1,4,4,2,3,,2,,,,4,1,7,4,,,,,,,,,,,,,,
wwy,,,,,,,,,,,,,,,,,,,,,,,,,,,,,,1,,,,,,,,,,,,,,,,,,,,,,,,,,,,,,,,,,,,,,,,,,,,,,,,,,,,,,,,,,,,,,,,,,,,,,,,,,,,,,,,,,,,,,,,,,,,,,,,,,,,,,,,,,,,,,,,,,,,,,,,,,,,,,,,,,,,,,,,,,,,,,,,,,,,,,,,,,,,,,,,,,
ceb,,,,,,,,,,,,,,,1,3,4,2,,,,,,,,,,,,,,,,,,,,,,4,1,,,,,,,,,,,,,,,,6,,,,,,,,,,,,,1,4,2,4,1,1,2,3,2,,,,,,,,,3,,2,2,,2,2,,,,1,,1,,,,,,,,,4,4,,,,,,,,,,,,,,,,,2,,,,,,3,1,1,1,1,,,,,,,,2,2,,,,,,,,,,,1,,,,,,,,,,,,,,,,,,,,,,,,,,,,,,,,,,,,
vie,3,3,1,3,1,1,3,2,1,2,,1,2,3,,,,,1,1,2,5,1,1,4,4,4,1,1,1,1,1,1,1,1,7,4,7,4,1,,2,,1,2,,3,6,4,1,1,2,1,1,9,,8,1,3,3,4,2,1,1,4,5,2,1,1,2,4,2,3,5,5,2,4,2,2,1,2,1,1,4,5,1,2,,1,2,1,2,2,2,2,1,1,,1,,,,,,2,2,1,4,4,4,1,1,1,5,1,1,1,2,2,1,3,4,8,5,3,3,4,1,7,1,1,3,1,1,2,2,4,,1,1,1,1,1,,,,1,,,,,1,1,1,2,1,,,,,1,,,,1,4,4,2,3,,2,,,,4,1,7,4,,,,,,,,,,,,,,
jpn,2,2,3,4,2,3,1,1,3,2,,1,2,2,,,,,1,1,1,1,1,3,2,2,2,2,2,2,1,1,,,,2,2,8,1,4,1,3,,1,3,3,1,2,4,1,1,2,7,2,6,2,4,4,3,3,4,2,1,1,2,7,4,2,2,2,1,2,4,2,4,2,4,2,1,3,2,2,2,4,5,1,1,,1,1,3,1,1,1,1,1,2,1,,6,,,,1,2,2,2,1,1,1,2,2,1,5,1,1,1,1,2,1,3,4,8,5,,2,1,2,5,1,1,1,3,1,1,1,4,4,4,2,2,1,1,1,2,,1,7,7,1,1,1,1,1,2,1,,,,2,4,,,,4,2,4,20,,,,,,,,,,,6,,,,4,4,8,2,,,,,,
por,,,,,,,,,,,,,,,1,3,6,,,,,,,,,,,,2,3,,,,,,2,6,,4,1,2,,,,,,,,2,4,2,,,,9,1,7,,,,,,,,,,,,,1,1,2,4,2,2,3,4,,2,1,1,,,,,,2,,1,2,,2,2,2,1,,1,,1,,,,,1,1,,,4,4,4,,,,2,,,,,,,,,,,,,2,,,3,1,,,,,,,,,,,,,2,2,,,,,,,,,,,1,,,,,1,,,,1,4,4,2,3,,2,,,,4,1,7,4,,,,,,,,,,,,,,
ukr,,,,,,,,,,,,,,,,,,,,,,,,,,,,,2,,,,3,2,3,2,,,,5,5,,,,,,,,,1,,,,,1,,7,5,,,4,,,,,,,,,,,,,2,1,1,4,,,,,,,3,5,1,2,,1,2,,2,,1,1,1,1,,1,,,,,,1,,1,4,4,3,,,,1,,,,,,,3,4,8,5,,,2,1,7,,1,,,,,,,,,,,,,1,2,,,,,,,,,,,1,,,,,1,,,,1,4,4,2,3,,2,,,,4,1,7,4,,,,,,,,,,,,,,
ctl,3,3,3,4,2,1,1,2,,,,1,2,1,1,3,6,5,1,1,,,,,,,,,,3,,,,,,,,,,,2,,,,,,,,,,2,,1,3,,1,7,,,,,,,,,,,,,,,,,,2,3,4,,2,1,2,,,,,,2,,3,2,,2,2,2,1,1,1,,1,,,,,,6,,,4,4,4,,,,2,,,,,,,,,,,,,2,,,1,6,,,,,,,,,,,,,2,2,,,,,,,,,,,2,,,,,15,,1,,1,1,4,19,3,,15,,,4,4,3,5,4,,,,,,,,,,,,,,
fin,2,3,2,4,2,1,1,2,2,2,,2,2,1,2,8,1,1,1,1,1,2,1,2,2,3,5,2,2,3,3,3,1,1,1,2,6,4,4,5,5,3,,3,2,1,1,6,2,3,1,3,8,3,1,2,7,1,1,3,2,2,1,1,6,2,4,1,1,2,1,2,3,2,1,2,1,2,2,1,1,2,5,4,2,1,2,,1,2,1,1,1,1,1,1,1,,1,,,,,1,3,1,1,3,4,3,2,2,2,6,2,4,1,1,2,1,3,4,8,5,2,2,3,2,1,1,1,1,2,2,1,4,1,1,1,2,2,2,2,2,2,,1,,,,,2,2,1,1,2,,,,2,1,,,,1,4,4,2,3,,2,,,,4,1,7,4,,,,,,,,,,,,,,
prs,3,2,3,4,2,2,1,2,3,2,,1,3,1,7,8,1,,1,1,1,1,1,3,3,1,5,2,3,1,1,3,1,1,1,2,,4,3,4,,3,,3,2,3,6,3,2,2,1,3,2,2,9,1,5,1,2,2,4,2,1,1,2,2,3,1,1,1,1,2,4,4,2,1,2,2,2,3,2,3,3,3,5,1,1,,1,1,,2,2,2,1,1,1,,1,,,,,1,1,2,1,2,2,2,2,2,2,2,5,4,2,1,2,1,3,4,8,5,2,2,1,1,7,1,1,5,2,2,1,,4,3,2,3,1,1,1,,,,1,,,,,2,2,1,1,1,,,,1,3,,,,2,4,4,20,,,,,,,,,,,5,,,,4,4,2,11,,,,,,
ind,3,2,3,4,2,1,1,2,1,2,,1,3,1,6,8,1,1,1,1,2,5,1,3,4,4,4,1,2,2,1,1,1,1,1,5,4,4,3,2,4,5,,1,2,1,1,6,4,2,1,2,1,1,9,3,5,1,2,3,4,2,1,1,1,5,3,2,1,2,4,2,2,2,5,2,4,2,1,3,3,1,1,4,5,1,2,,1,2,1,2,2,2,2,1,1,,1,,,,,1,5,3,1,4,4,4,1,1,2,1,3,2,1,4,2,1,3,4,2,4,1,2,4,1,7,1,1,3,1,1,2,,4,4,1,1,1,1,1,2,2,,1,,,,,1,1,1,2,2,,,,,1,,,,1,4,4,2,3,,2,,,,4,1,7,4,,,,,,,,,,,,,,
cze,,,,,,,,,,,,,,,2,8,1,1,,,,,,,,,,,3,,,,,,,2,,,,5,5,,,,2,1,,,,,,,,,1,,7,5,,,4,,,,,,,,,,,,,4,1,1,4,,,,,,,3,5,1,2,,1,2,,2,3,1,1,1,1,,1,,,,,,6,2,1,4,4,3,,,,2,,,,,,,,,,,,,1,,,,4,5,2,2,2,,,,,,,,,1,2,,,,,,,,,,,1,,,,2,3,,,,2,4,4,20,,,5,,,,4,2,7,4,,,,,,,,,,,,,,
kor,3,3,2,1,1,1,2,2,2,2,,1,2,1,,,,,1,1,1,1,1,4,2,2,2,2,2,1,1,1,,,,2,,6,1,5,5,3,,1,3,2,1,3,4,1,1,2,6,2,1,2,4,4,3,,,2,1,1,6,6,1,1,2,1,1,2,4,2,4,2,4,2,3,3,2,2,2,4,5,1,1,,1,1,,1,1,1,1,1,2,1,,6,,,,1,6,2,2,1,1,1,2,2,1,5,1,1,1,1,2,1,3,4,8,5,2,2,2,3,4,1,2,1,3,1,1,1,4,4,1,1,1,1,1,2,2,,1,7,7,1,1,1,1,1,1,1,,,,2,1,,,,1,4,4,7,3,,,,,,,,,,3,,,,4,4,1,11,,,,,,
hun,4,3,3,4,2,1,1,2,3,2,,2,3,1,2,8,2,1,1,1,1,1,1,3,2,1,5,2,2,1,4,3,1,1,1,2,6,4,2,1,1,3,,3,2,1,6,6,3,1,1,3,8,2,1,3,7,2,2,2,2,2,1,1,6,2,7,1,1,2,1,2,4,2,5,2,1,2,1,1,2,1,1,1,1,1,7,1,1,2,,1,1,1,1,1,7,2,2,,,,,1,,2,1,3,5,3,2,2,2,2,5,2,5,1,,1,3,4,8,5,3,2,2,1,7,1,1,1,2,2,2,4,1,1,1,3,1,1,1,2,2,,1,,,,,2,2,1,1,2,,,,2,1,,,,1,4,4,2,3,15,10,,,,4,1,7,4,,,,,,,,,,,,,,
mly,,,,,,,,,,,,,,,1,3,7,,,,,,,,,,,,,,,,,,,,,,,,,,,,,,,,,,,,,,,,6,,,,,,,,,,,,,,,,,,,,,,,,,,,,,,,,,,,,,,,,,,,,,,,,,,,,,,,,,,,,,,,,,,,,,,,,,,,,,,,,,,,,,,,,,,,,,,,,,,,,,,,,,,,,,,,,,,,,,,,,,,,,,,,,,,,,,,,
rom,3,3,3,4,2,1,1,2,,,,1,,1,1,3,6,,1,1,,,,,,,,,2,,,,,,,2,6,,,3,2,,,,,,,,3,1,2,,2,3,1,1,6,5,,,4,,,,,,,1,,1,1,2,4,2,2,3,1,,2,1,1,1,1,,,,2,,1,2,,2,2,2,6,1,1,,1,,,,,1,6,1,1,4,4,4,,,,,,,,,,,,,,,,,2,,,1,6,5,2,2,1,,,,2,,,,,2,2,,,,,,,,,,,,,,,,1,,,,1,4,4,2,3,,2,,,,4,1,7,4,,,,,,,,,,,,,,
min,,,,,,,,,,,,,,,6,8,1,,,,,,,,,,,,1,1,,,,,,9,,,,5,5,,,,,,,,,,,,,,9,,,2,2,3,4,,,,1,2,,,,,,,,5,,,,,,,,,,,,,7,,3,3,6,2,2,2,2,1,1,,1,,,,,2,,,1,5,5,5,,,,5,,,,,,,,,,,,,4,,,,,,,,,,,,,,,,,,,,,,,,,,,,,2,,,,2,15,,1,,1,1,4,,,,,,,,,,,,,,,,,,,,,,,,,
tur,3,3,3,4,2,1,1,2,3,2,,2,2,1,1,5,6,5,1,1,1,1,1,4,2,3,5,2,2,1,4,3,1,1,1,2,6,8,1,4,2,3,,3,2,3,3,6,2,2,1,2,6,2,1,1,5,4,2,1,2,2,1,1,6,2,2,1,1,1,1,1,4,2,1,1,1,2,1,2,1,3,3,1,5,1,1,,1,1,3,1,1,1,1,1,2,1,,,,,,1,2,2,5,1,1,1,2,2,2,2,2,4,1,1,2,1,3,4,8,5,2,2,1,3,3,1,1,2,2,2,1,1,4,4,1,3,3,2,2,2,2,,1,,,,,2,2,1,1,1,,,,1,4,,,,4,2,4,20,,,,,,,,,,,6,,,,4,4,8,2,,,,,,
kaz,,,,,,,,,2,,,,,,,,,,,,,,,,,,,,,,,,,,,,,,1,,,,,,,,,,,4,,,,,,,4,,,,,,,,,,,,,,,,,,,,,2,,,,,,,,,,,,,,,,,,,,,,,,,,,,,,,,,,,,,,,,,,,,,,,,,,,,1,,,,,,,,,,,,,,1,2,,,,,,,,,,,1,,,,,,,,,,,,,,,,,,,,,,,,,,,,,,,,,,,,
svk,,,,,,,,,,,,,,,2,8,1,1,,,,,,,,,,,,,,,,,,,,,,,,,,,,,,,,,2,,,,,,7,,,,,,,,,,,,,,,,,,,,,,,,,,,3,5,1,,,,,,,,,,,,,,,,,,,,,,,,,,,,,,,,,,,,,,,,,,,,,,,,,,,,,,,,,,1,2,,,,,,,,,,,1,,,,2,,,,,,,,,,,,,,,,,,,,,,,,,,,,,,,,
dsh,,,,,,,,,,,,,,,1,6,4,,,,,,,,,,,,2,,,,,,,2,,,,3,1,,,,,,,,2,,1,,,,1,1,7,,,,4,,,,,,,,,,,,,2,4,1,4,2,2,1,1,,,,,,2,,1,2,1,2,1,1,1,1,1,,1,,,,,1,6,1,1,4,4,3,,,,1,,,,,,,,,,,,,2,,,,4,,,,,,,,,,,,,2,2,,2,,,,,,,,,2,,,,2,6,,,,1,1,4,16,,,13,1,,,4,1,1,4,,,,,,,,,,,,,,
bsq,3,2,4,2,2,1,1,2,3,2,,1,3,1,,,,,1,1,1,1,1,3,3,2,5,2,4,3,2,3,1,1,1,8,6,4,3,1,2,3,,3,3,1,2,6,2,1,2,2,8,6,6,2,6,4,1,1,4,2,1,1,6,2,1,1,1,1,1,1,3,4,1,1,4,2,1,2,1,2,4,1,5,1,1,,1,1,3,1,1,2,2,1,2,1,,,,,,1,4,2,2,1,1,2,6,6,3,2,5,2,3,1,2,1,2,2,8,5,2,2,2,2,3,1,1,5,2,1,1,4,4,5,,3,2,2,1,2,2,,2,,,,,1,1,1,1,1,,,,,1,,,,1,4,4,7,3,,,,,,,,,,3,,,,4,4,1,11,,,,,,
lit,5,2,4,4,2,1,1,3,,,,1,3,,1,5,6,4,1,1,,,,,,,,,2,,,,,,,2,6,,,5,5,,,,2,1,,,3,1,2,,6,3,1,3,7,5,,,,,,,,,,1,,,,,,2,1,1,4,,2,1,1,2,2,,,,2,,1,2,,2,1,1,1,1,1,,1,,,,,1,1,1,1,4,4,3,,,,2,,,,,3,,,,,,,,1,,,1,1,,2,2,2,,,,,,,,,1,2,,,,,,,,,,,3,,,,,3,,,,2,4,4,20,,,5,,,,4,2,7,4,,,,,,,,,,,,,,
bul,5,2,3,4,2,1,1,2,,,,1,3,1,,,,,1,1,,,,,,,,,2,,,,,,,2,,,2,1,,,,,,,,,,1,2,,1,3,9,,7,5,1,,4,,,,,,3,1,,1,1,2,3,2,1,4,1,2,,,,3,3,1,1,1,2,,3,2,1,2,3,1,1,1,1,,1,,,,,1,3,1,1,4,4,3,,,,2,,,,,3,,,,,,,,2,,,1,1,,2,2,1,,1,1,2,,,,,,,,,,,,,,,,,1,,,,1,1,,,,1,4,4,2,3,,2,,,,4,1,7,4,,,,,,,,,,,,,,
uzb,,,,,,,,,2,,,,,,,,,,,,,,,,,,,,2,,,,1,1,1,2,,6,1,,,,,,,,,,,1,,,,,1,3,4,,,2,2,,,,,,,1,,,,,,2,1,1,1,,1,3,3,,,,,,1,,1,1,,,1,1,1,1,2,1,,,,,,1,6,2,1,,1,1,,,,2,,,,,,,3,4,8,5,,2,1,3,3,,2,1,2,2,2,1,,,,,,,,1,2,,,,,,,,,,,1,,,,,4,,,,4,2,4,20,,,,,,,,,,,6,,,,4,4,8,2,,,,,,
est,,,,,,,,,,,,,,,2,8,2,1,,,,,,,,,,,2,,,,,,,2,,,4,5,5,,,,,,,,,1,,,8,2,1,1,7,,,,,,,,,,6,1,,,,,,2,1,3,1,2,,,,2,2,,,,2,,1,2,1,1,1,1,1,1,1,,1,,,,,1,5,1,1,3,4,3,,,,2,,,,,,,,,,,,,2,,,,1,,2,2,1,,,,,,,,,,,,,,,,,,,,,2,,,,,1,,,,1,4,4,2,3,,2,,,,4,1,7,4,,,,,,,,,,,,,,
hin,5,2,4,4,2,1,1,2,3,1,,1,3,1,1,4,4,,1,1,1,1,2,2,3,2,5,2,2,1,3,2,2,2,3,2,6,4,4,5,5,3,,1,,,2,6,3,3,1,2,,,1,2,6,2,1,3,,2,1,1,6,6,2,1,1,1,1,1,3,2,1,2,4,2,2,1,2,1,1,3,5,1,1,,1,1,,1,1,1,1,1,4,,,,1,,,1,1,2,1,1,5,1,5,5,2,,2,2,1,1,2,1,3,4,8,5,2,2,2,3,3,1,1,1,2,2,1,1,2,2,1,,2,2,1,,,,1,,,,,2,2,1,1,1,,,,1,1,,,,1,4,4,7,3,,,,,,,,,,3,,,,4,4,1,11,,,,,,
glc,,,,,,,,,,,,,,,,,,,,,,,,,,,,,,,,,,,,,,,,,,,,,,,,,,,,,,,,,7,,,,,,,,,,,,,,,,,,1,3,,,,,,,,,,,,,,,,,,,,,,,,,,,,,,,,,,,,,,,,,,,,,,,,,,,,,,,,,,,,,,,,,,,,,,,,,,,,,,,,,,,,,,,,,,,,,,,,,,,,,,,,,,,,,,,,,,,,
aze,3,3,2,4,2,1,1,2,3,,,2,2,1,,,,,1,1,,,,,,,,,2,,,,,,,2,,,,,,,,,,,,,,1,,,,,1,,5,,2,,2,,,,,,,,,1,1,1,3,2,,,,1,,,,,,,,,1,,1,1,,,1,1,,1,,,,,,,,,2,2,,,,1,,,,,,,,,,,,,,,,,1,,,,1,,,,,,,,,,,,,1,2,,,,,,,,,,,1,,,,,4,,,,4,2,4,20,,,,,,,,,,,6,,,,4,4,8,2,,,,,,
occ,,,,,,,,,,,,,,,1,3,7,,,,,,,,,,,,,,,,,,,,,,,,,,,,,,,,,,,,,,,,7,,,,,,,,,,,,,,,,,,2,,,,,,,,,,,,,,,,,,,,,,,,,,,,,,,,,,,,,,,,,,,,,,,,,,,,,,,,,,,,,,,,,,,,,,,,,,,,,,,,,2,,,,,,,,,,,,,,,,,,,,,,,,,,,,,,,,,,,,
tha,3,3,2,2,4,1,1,2,1,2,,1,2,3,,,,,1,1,7,5,1,2,4,2,5,1,1,1,1,1,1,1,1,,,4,4,4,1,2,,1,,,1,6,4,1,1,2,1,1,9,2,5,1,3,3,4,2,1,1,5,2,6,1,1,2,4,2,2,5,5,2,4,2,2,1,1,1,1,4,5,1,2,,1,2,1,2,2,2,2,2,1,,1,,,,,2,2,2,1,4,4,4,1,1,1,5,1,1,1,1,2,1,3,4,8,5,3,1,3,1,7,1,1,3,1,1,2,2,4,4,1,,,,,2,2,,1,,,,,,,,,1,,,,2,1,,,,1,4,4,2,3,,2,,,,4,1,7,4,,,,,,,,,,,,,,
geo,4,2,4,4,1,4,2,3,3,2,,1,3,1,5,8,1,1,1,1,1,1,2,5,3,2,5,2,3,1,3,3,1,1,1,2,6,5,2,,,3,,2,3,3,3,6,2,1,1,2,6,4,1,3,6,2,1,1,4,2,1,1,6,2,3,1,1,1,1,1,4,2,5,,4,1,2,3,2,3,6,3,2,2,1,,1,1,,1,1,1,1,1,1,,1,,,,,,6,2,1,1,2,1,6,1,2,4,5,2,3,1,2,1,3,4,3,2,2,2,2,1,7,3,6,5,2,2,1,1,1,1,3,2,2,1,1,1,2,,2,,,,,2,2,1,1,1,,,,1,1,,,,1,4,4,7,3,,,,,,,,,,3,,,,4,4,1,11,,,,,,
mcd,,,,,,,,,,,,,,,5,8,1,5,,,,,,,,,,,,,,,,,,,,,,1,,,,,,,,,,,,,,,,,7,,,,,,,,,,,,,,,,,2,1,4,1,,2,1,1,,,1,1,1,2,,1,2,,2,3,1,1,,,,,,,,,,,,,4,,3,,,,,,,,,,,,,,,,,2,,,,1,,,,,,,,,,,,,,,,,,,,,,,,,,,,,,1,,,,1,4,4,2,3,,2,,,,4,1,7,4,,,,,,,,,,,,,,
tag,3,2,3,2,2,1,1,2,1,2,,1,2,1,6,8,6,1,1,1,1,3,1,2,3,5,5,2,1,1,1,1,2,2,2,7,4,4,3,,,5,,1,3,1,1,6,3,5,2,1,1,3,,2,6,7,1,3,,2,1,1,4,2,2,1,1,1,4,1,4,1,1,2,4,1,1,3,1,2,4,4,5,1,3,,2,2,,,2,3,6,1,1,,1,6,,,,,3,1,1,,4,5,1,1,1,,1,1,1,4,2,2,3,4,3,3,2,2,2,1,7,1,1,3,1,1,1,,4,5,1,3,2,2,1,2,2,,1,,,,,1,1,1,2,1,,,,3,1,,,,1,4,4,9,3,,,,,,,,,,,,,,,,,,1,,1,6,4,
tml,,,,,,,,,,,,,,,,,,,,,,,,,,,,,2,1,,,3,2,2,2,5,6,,,,,,,2,3,,,3,1,1,,,,1,2,6,2,,3,,,,,,,1,1,2,2,1,1,3,2,1,4,,,1,2,2,2,2,,,,1,,1,1,3,1,1,1,1,1,2,1,,,,,,1,6,2,4,1,1,1,,,,,,,,1,2,,3,4,8,5,2,2,1,,,1,2,1,2,2,2,1,,,,3,3,3,3,1,2,,,,,,,,,,,,,,,,4,,,,4,2,4,20,,,,,,,,,,,6,,,,4,4,8,2,,,,,,
tel,4,2,4,2,2,1,1,2,,,,1,2,1,,,,,1,1,,,,,,,,,2,,,,,,,2,,4,,,,,,,,,,,,,1,,,,1,2,,,,3,,,,,,,,,,,,,,2,1,2,,2,2,1,1,,,,,,1,,1,1,,1,1,1,1,1,2,1,,,,,,1,6,2,5,1,1,1,,,,,,,,,,,,,,,,2,1,,,,2,,2,2,2,1,,,,,,,,,,,1,,,,,,,,,2,,,,1,4,,,,4,2,4,20,,,,,,,,,,,6,,,,4,4,8,2,,,,,,
tvo,,,,,,,,,2,,,,,,,,,,,,,,,,,,,,2,,,,,,,2,,,2,5,5,,,,,,,,,1,,,,,1,,4,4,2,2,2,,,,4,2,,,,,,,,2,1,1,1,,2,3,,,,,,,1,,1,1,,1,1,1,1,1,2,1,,,,,,1,,,1,1,1,1,,,,2,,,,,,,,,,,,,,,,,1,,2,2,1,,,,,,,,,1,2,,,,,,,,,,,1,,,,,,,,,,,,,,,,,,,,,,,,,,,,,,,,,,,,
lat,2,2,3,4,2,1,1,2,3,2,,1,3,2,2,8,1,5,1,1,,,,,,,,,3,,3,2,2,2,3,2,6,4,,2,2,3,,3,2,1,5,2,2,1,2,2,5,6,1,1,7,5,1,1,4,,,,,,4,1,1,2,1,1,3,4,3,1,4,2,2,1,1,2,2,1,5,1,2,,3,2,,2,1,1,1,1,1,,1,,,,,1,1,1,1,4,4,3,2,2,2,1,2,4,1,1,,1,3,4,8,5,2,2,1,3,3,1,1,1,2,2,2,4,1,1,1,,,,,,,,1,,,,,,,,,1,,,,,3,,,,2,4,4,20,,,5,,,,4,2,7,4,,,,,,,,,,,,,,
wel,,,,,,,,,,,,,,,6,8,1,,,,,,,,,,,,2,3,,,,,,2,,,,1,4,,,,2,2,,3,2,,1,3,1,1,9,3,7,,,,,,,,,,3,,,,,,,2,1,2,4,,2,3,2,,,,,,3,,2,2,1,2,2,2,2,1,1,,1,,,,,3,1,1,1,4,4,4,,,2,,2,2,1,,,1,,,,,,,2,,,,1,1,2,1,1,,,,,,,,,2,2,,,,,,,,,,,2,,,,,1,,,,1,4,4,9,3,,,,,,,,,,,,,,,,,,1,,1,6,4,
alb,3,3,3,4,2,1,1,2,3,,,3,3,1,,,,,1,5,,,,,,,,,2,,,,,,,2,,,4,3,1,,,,,,,2,1,,,2,4,6,1,1,6,5,1,,4,,,,6,5,3,1,,,,,,2,2,2,1,1,2,1,2,2,2,,,,2,,1,2,,2,2,2,1,1,1,,1,,,,,1,1,,1,4,4,4,,,2,2,5,2,3,,,1,,,,,,,2,1,7,,1,5,2,2,1,4,,,2,,,,,,,,1,,,,,,,,,1,,,,1,1,,,,1,4,4,2,3,,2,,,,4,1,7,4,,,,,,,,,,,,,,
bos,,,,,,,,,,,,,,,,,,,,,,,,,,,,,,,,,,,,,,,,,,,,,,,,,,,,,,,,,,,,,,,,,,,,,,,,,,,,,,,,,,,,,,,,,,,,,,,,,,,,,,,,,,,,,,,,,,,,,,,,,,,,,,,,,,,,,,,,,,,,,,,,,,,,,,,,,,,,,,,,1,,,,,,,,,,,,,,,,,,,,,,,,,,,,,,,,
mal,3,1,5,4,2,1,1,2,1,2,,1,2,1,6,8,1,5,1,1,1,1,1,3,2,5,5,2,1,1,1,3,1,1,1,9,,4,1,1,4,5,,1,5,1,,6,1,2,1,3,1,3,7,,6,6,1,3,4,2,1,1,4,5,,1,,1,4,2,4,1,4,4,1,2,2,3,3,1,1,4,5,1,4,,2,2,1,2,2,2,5,2,1,,1,,,,,,5,1,1,4,4,4,2,2,1,1,1,1,1,,2,1,3,4,3,3,2,2,2,1,7,,1,5,1,1,1,4,4,5,,1,1,1,,2,2,,1,,,,,1,1,1,1,2,,,,2,1,,,,1,4,4,12,3,,,,,,,,,,,,,,,,,,4,,1,6,4,
bre,4,3,3,4,2,1,1,2,,,,2,3,1,6,8,1,,1,1,,,,,,,,,3,,,,,,,2,,,,1,1,,,,,,,,2,,,,,,7,1,7,,,,2,,,,,,,1,,,,,,2,1,,,,,,,1,1,,,,2,,2,2,,2,2,2,2,1,1,,1,,,,,3,1,1,1,4,4,4,,,,2,,,,,,,,,,,,,6,,,,1,1,2,2,1,1,,,,,,,,2,2,,,,,,,,,,,2,,,,,14,13,,,1,1,4,18,,,14,,12,,4,5,5,4,,,,,,,,,,,,,,
jav,3,3,2,1,1,1,1,2,,,,1,,1,1,3,5,4,1,1,,,,,,,,,,,,,,,,,,,,,,,,,,,,,,,,,,,,,,7,2,3,,,,,4,5,,,,2,4,2,2,,,,4,,,,,,,,,,,,,,,,,,,,,,,,,,,,,,,,,,,,,,,,,,,,,,,,,,,,,,,,,,,4,,,,,,,,,,,,,,,,,,,,2,,,,,,,,,,,,,,,,,,,,,,,,,,,,,,,,,,,,
mhi,,,,,,,,,,,,,,,,,,,,,,,,,,,,,2,,,,3,2,3,,,,,5,5,,,,2,1,2,,3,1,1,,5,2,1,1,,2,1,3,,,,,6,,,,1,,,,,2,4,4,1,,2,1,3,,,,,,1,,1,1,,1,1,1,1,1,2,1,,,,,,1,2,2,4,1,1,1,5,2,,,,,,1,,,,,,,2,2,,,,1,1,,,,,1,,,1,3,2,2,1,1,2,,,,,,,,,,,1,,,,,2,,,,4,1,4,8,4,,,,,,,,,,4,,,,4,4,8,1,,,,,,
ice,,,,,,,,,,,,,,,2,8,1,1,,,,,,,2,2,2,2,2,,,,3,2,3,2,6,,3,3,4,,,,,,,,,1,2,,4,6,1,3,7,,,,4,,,,,,5,1,,2,1,2,1,2,2,1,4,2,2,1,2,,,,,,2,,1,2,,2,2,1,1,1,1,,1,,,,,1,,,,4,4,3,,,,1,,,,,,,3,4,8,5,,,2,1,7,3,,,2,2,1,,,,,,,,,,,,,,,,,,,,,2,,,,,6,,,,1,1,4,16,,,13,1,,,4,1,1,4,,,,,,,,,,,,,,
mym,,,,,,,,,,,,,,,1,1,2,4,,,,,,,,,,,,2,,,,,,,6,,1,,,,,,2,3,2,,3,1,1,,6,2,,,5,2,1,3,,,,,,,,,1,,,,,,1,2,4,2,2,1,2,,,,,,1,,1,1,,,1,1,1,1,2,1,,,,,,,2,2,,,1,1,,,,5,,,,1,,,,,,,,2,1,3,5,1,1,,2,1,1,,,,,3,,2,1,1,2,,,,,,,,,,,1,,,,1,4,,,,4,2,4,20,,,,,,,,,,,6,,,,4,4,8,2,,,,,,
brm,4,3,3,4,2,1,1,2,1,2,,1,2,3,,,,,1,5,1,1,1,2,2,2,2,2,2,2,1,1,1,1,1,7,,2,1,5,5,2,,1,2,,1,3,4,,1,2,7,2,1,,8,4,3,3,,2,1,1,3,2,5,2,,2,4,2,2,2,5,2,4,2,3,3,2,1,1,4,5,1,1,,1,1,6,1,1,2,1,2,2,1,,,,,,1,6,2,4,1,1,2,2,2,1,5,1,1,1,2,1,2,3,4,8,5,2,4,6,2,3,1,2,1,1,1,2,1,4,4,1,,,,,,,,1,,,,,1,1,1,1,3,,,,,14,3,,,2,1,4,18,4,,,,,,,,,,16,,5,,4,4,6,5,,,,,,
bsk,4,3,3,4,2,4,1,2,2,,,2,3,1,7,8,1,5,1,5,,,,,,,,,2,,,,,,,2,,,1,5,5,,,,,,,,,1,,,,,1,,4,4,,2,2,,,,,,,,,,,,,2,1,1,1,2,,,,,,,,,,,1,1,,1,1,1,1,1,2,1,,,,,,1,,,1,1,1,1,,,,2,,,,,,,,,,,,,1,,,,1,,,,,,,,,,,,,,,,,,,,,,,,,1,,,,,4,,,,4,2,4,20,,,,,,,,,,,21,,,,,,,,,,,,,
yor,2,3,2,2,3,1,1,2,3,1,,1,1,3,,,,,1,3,4,1,1,4,3,1,5,2,1,1,4,1,1,1,1,7,4,4,1,5,5,3,,1,2,1,1,6,2,2,2,2,1,1,9,2,4,2,1,,4,2,1,1,,,7,2,2,2,4,2,2,5,5,,,2,2,1,1,1,1,4,5,1,2,,1,2,,2,2,2,2,2,1,,1,,,,,,6,1,1,4,4,4,1,2,1,5,1,1,1,3,4,2,3,4,8,5,3,1,4,3,3,,6,5,1,1,1,2,3,,1,1,1,1,1,,,,3,,,,,1,2,1,1,2,,,,2,1,,,,1,4,4,2,3,,2,,,,4,1,7,4,,,,,,,,,,,,,,
afr,,,,,,,,,,,,,,,,,,,,,,,,,,,,,,,,,,,,,,,3,,,,,,2,1,,,,,1,,,,,1,6,1,,,,,,,,,,,,2,1,2,2,,,,,,,,,2,4,,,,,,,,,,,,,,,,,,,,,,,,,,,,,,,,,,,,,,,,,,,,,,,,,,,,,,,,,,,,,2,2,,,,,,,,,,,2,,,,,,,,,,,,,,,,,,,,,,,,,,,,,,,,,,,,
ben,4,3,3,2,2,1,1,2,,,,1,3,1,2,8,1,5,1,1,,,,,,,,,,,,,,,,,,,2,,,,,,,,,,,,1,,,,1,,6,2,3,,,,,,,,,,,2,1,1,3,,,,,,,,,,,3,5,1,1,,1,1,3,,,,,,,,,,,,,,,,,,,,,,,,,,,,,,,,,,,,2,,,,,2,2,2,2,,,,1,,,,,,,,,,,,,,,,,1,,,,1,2,,,,4,1,4,8,4,,,,,,,,,,4,,,,4,4,8,1,,,,,,
cnt,3,3,2,1,1,1,1,2,1,,,2,2,3,,,,,1,1,,,,,,,,,1,,,,1,1,1,9,,8,2,4,2,,,,2,1,1,,,3,1,,,,9,,4,1,3,3,4,,,,1,6,8,,2,1,4,2,3,2,5,2,,,2,3,2,2,4,4,5,1,2,,1,2,2,4,1,1,1,1,2,1,,,,,,1,,2,5,5,3,3,,,,,,,,4,2,,,,,,,,2,3,3,1,1,,,,,,,,1,,,,,2,2,,,,,,,,,,,1,,,,2,1,,,,1,4,4,2,3,,2,,,,4,1,7,4,,,,,,,,,,,,,,
urd,,,,,,,,,,,,,,,,,,,,,,,,,,,,,2,,,,,,,2,,,,5,5,,,,2,1,,,3,,,,2,3,9,2,,,,,,,,,,,,,,,,,,2,,,,2,,,,,,,,,1,,1,1,,1,1,1,1,1,4,,,,1,,,1,1,2,1,1,5,1,,,,,,,,,,,,,,,,,,,,,1,,,,,,,,,,,,,,,,,,,,,,,,,,,,,,1,,,,1,4,4,7,3,,,,,,,,,,3,,,,4,4,1,11,,,,,,
swa,4,2,4,4,2,1,1,2,1,2,,1,1,1,6,8,1,,1,5,1,5,1,3,1,2,5,2,5,1,1,2,5,3,3,1,6,4,3,2,,3,,3,2,1,,2,1,2,2,2,1,1,5,2,7,2,1,,2,2,1,1,,2,2,2,,2,1,1,3,1,1,4,1,2,1,2,2,1,1,4,2,1,2,,1,2,,2,2,2,2,2,1,,1,,,,,,1,2,1,4,4,4,1,1,2,2,5,2,2,2,2,1,3,4,3,2,2,2,1,3,3,1,1,4,3,2,1,2,4,5,,,,,1,1,2,,1,,,,,1,2,1,1,1,,,,2,3,,,,2,4,4,20,,,5,,,,4,2,7,4,,,,,,,,,,,,,,
iri,,,,,,,,,3,2,,,,,2,8,2,4,,,,,,,,,,,4,3,3,2,,,,6,6,4,4,1,4,3,,3,3,1,3,3,1,2,1,3,2,2,5,1,7,,,,4,,,,,5,6,1,,,,,,4,1,2,1,2,2,1,1,1,1,3,2,1,3,,2,2,1,2,2,2,2,1,1,,1,,,,,,1,1,1,4,4,4,1,2,2,6,2,2,1,,,1,,,,,2,1,2,3,3,1,1,1,2,1,1,4,4,3,,2,2,2,1,2,2,,2,,,,,,,,,2,,,,2,1,,,,1,4,4,9,3,,,,,,,,,,,,,,,,,,1,,1,6,4,
kgz,3,3,3,4,2,2,1,2,2,,,2,3,1,,,,,1,1,,,,,,,,,2,,,,1,1,1,2,,,,,2,,,,,,,,,1,,,,,1,,4,4,,,2,,,,,,,,,,,,,2,,,,,,,,,,,,,,,,,,1,,1,,1,,,,,,,,,2,,,,,,,,,2,,,,,2,,3,4,8,5,,,,,,,1,,,,,,,,,,,,,2,2,,,,,,,,,,,1,,,,,,,,,,,,,,,,,,,,,,,,,,,,,,,,,,,,
nep,4,2,4,2,2,1,1,2,,,,1,,1,1,1,2,,1,1,,,,,2,2,2,2,2,,,,,,,2,4,,1,,,,,,,,,,3,,,,,,1,,,,,,,,,,,,1,,1,,,,,2,,,1,1,,,,2,2,,,,1,,1,1,,1,1,1,1,1,,,,,,,,,,2,2,1,,1,,,,,,,,1,,,,,,,,,1,,,1,1,2,2,1,1,,,,,,,,,2,2,,,,,,,,,,,1,,,,,4,,,,4,2,4,20,,,,,,,,,,,6,,,,4,4,8,2,,,,,,
guj,,,,,,,,,3,,,,,,1,3,5,,,,,,,,,,,,,,,,,,,,6,,,,,,,,,,,,,,1,,,,,,6,,,,,,,,,,,,1,,,,,2,1,,,2,,,,,,,,,1,,1,1,,1,,1,1,1,,,,,,,,1,6,2,1,1,,1,,,,,,,,,,,,,,,,2,2,,,1,6,,,,,,,,,,,,,,,,,,,,,,,,,1,,,,,1,,,,1,4,4,7,3,,,,,,,,,,3,,,,4,4,1,11,,,,,,
taj,,,,,,,,,,,,,,,7,8,1,,,,,,,,,,,,3,,,,,,,2,,,,4,1,,,,,,,,,1,,,,,9,,,,,,4,,,,,,,,,,,,,4,,,,,,,,,,,,,1,,1,1,,2,2,2,1,1,1,,1,,,,,,2,,1,2,2,2,,,,2,,,,,,,,,,,,,1,,,,1,5,,,,1,,,,,,,,,,,,,,,,,,,,1,,,,,3,,,,2,4,4,20,,,,,,,,,,,5,,,,4,4,2,11,,,,,,
chv,3,3,2,4,2,1,1,2,3,,,2,3,1,1,5,5,5,1,1,,,,,,,,,2,,,,1,1,1,2,5,7,1,5,5,,,,,,4,,,1,,,6,2,1,,4,4,1,,2,,,,,,,,,,,,,2,1,2,4,2,1,2,,,,,,,1,,1,1,4,1,1,1,1,1,2,1,,,,,,1,6,2,2,1,1,1,,,,,,,,,,,,,,,,2,1,,,,2,,,,,,,,,,,,,,,,1,,,,,2,2,1,1,1,,,,,4,,,,4,2,4,20,,,,,,,,,,,6,,,,4,4,8,2,,,,,,
ast,,,,,,,,,,,,,,,,,,,,,,,,,,,,,,,,,,,,,,,,,,,,,,,,,,,,,,,,,,,,,,,,,,,,,,,,,,,,,,,,,,,,,,,,,,,,,,,,,,,,,,,,,,,,,,,,,,,,,,,,,,,,,,,,,,,,,,,,,,,,,,,,,,,,,,,,,,,,2,,,,,,,,,,,,,,,,,,,,,,,,,,,,,,,,,,,,
sun,,,,,,,,,,,,,,,1,3,5,,,,,,,,,,,,1,1,,,,,,5,4,,,,4,,,,,,,6,,,,2,,,9,,,,,,,,,,,,,,1,2,4,2,2,5,,,,,,,,,,,,,2,,1,2,,2,2,2,2,1,1,,1,,,,,3,1,2,1,4,4,4,,,1,,1,1,1,4,,1,,,,,,2,4,,,,1,,1,1,2,,,,1,,,,,,,,,,,,,,,,,2,,,,,1,,,,1,4,4,2,3,,2,,,,4,1,7,4,,,,,,,,,,,,,,
knd,3,2,5,2,2,1,1,2,3,2,,1,3,1,,,,,1,1,1,1,1,2,2,2,2,2,2,1,4,2,3,2,2,2,5,7,3,,2,3,,3,2,3,3,2,3,1,1,2,6,2,1,2,5,2,1,3,4,2,1,1,,,6,1,2,2,1,1,3,2,1,4,1,2,2,1,1,2,2,1,5,1,1,,1,1,,1,1,1,1,1,7,4,,,2,,,1,2,2,5,1,5,1,2,2,2,2,2,2,1,1,2,1,3,4,1,4,2,2,1,2,5,1,1,1,2,2,2,,4,4,1,3,3,3,2,2,2,,1,,,,,1,1,1,2,,,,,2,4,,,,4,2,4,20,,,,,,,,,,,6,,,,4,4,8,2,,,,,,
amh,4,3,4,2,2,1,2,2,3,,,1,2,1,,,,,1,1,,,,,,,,,3,1,,,2,2,3,2,,4,2,1,2,,,,,,,1,,,1,3,2,2,1,,,2,1,,2,2,1,1,,,2,1,,2,1,2,3,4,1,4,4,,2,1,3,,,,,,1,,1,1,,4,1,1,1,1,2,1,,,,,,,,2,2,5,1,1,,,2,2,5,2,2,2,,1,,,,,,2,6,,,,3,1,2,2,1,1,,,,,,,,1,2,,1,,,,,1,1,1,1,1,,,,,14,4,,,2,2,4,18,,,,,,,,,,,16,,6,,4,4,6,6,,,,,,
ydd,,,,,,,,,,,,,,,,,,,,,,,,,,,,,,,,,,,,,,,,,,,,,,,,,,,2,,,,,,,,,,,,,,,,,,,,,,,,,,,,,,,,,,,,,,,,,,,,,,,,,,,,,,,,,,,,,,,,,,,,,,,,,,,,,,,,,,,,,,,,,,,,,,,,,,,,,,,,,,,,,2,,,,,,,,,,,,,,,,,,,,,,,,,,,,,,,,
kpm,,,,,,,,,,,,,,,,,,,,,,,,,,,,,,1,,,,,,,,,,,,,,,,,,6,,,,2,,,,,,,,,,,,,,,,,,,,,,4,,,,,,,,1,1,,,,,,2,2,1,2,2,3,,1,1,,1,,,,,,,1,,4,4,5,,,3,,5,2,2,,,2,1,1,,,,,,,,,,,1,1,1,,,,,,,,,,,,,,,,,,,,,,,,,,,,,,,,,,,,,,,,,,,,,,,,,,,,,,,,,
mao,1,2,1,1,1,1,1,1,1,2,,1,1,1,1,5,2,,1,1,7,1,1,,2,2,2,2,1,1,1,1,1,1,1,7,6,5,3,1,1,5,,1,3,1,3,6,1,4,2,2,1,1,9,2,4,3,,1,4,2,1,1,4,,6,2,2,2,1,2,3,5,5,4,1,2,2,3,3,1,1,4,5,1,3,,2,2,1,2,2,2,6,2,1,,1,,,,,2,6,2,1,4,4,4,2,2,1,5,1,1,1,1,,1,3,4,8,5,2,2,4,2,1,1,6,2,3,1,2,3,4,4,1,3,2,1,,1,2,,1,,,,,,,,,2,,,,,1,,,,1,4,4,1,1,1,8,,,,1,8,7,4,,,,,,,,,,,,,,
far,,,,,,,,,,,,,,,2,8,1,4,,,,,,,,,,,,,,,,,,,,,,,,,,,,,,,,,,,,,,,7,,,,,,,,,,,,,,,,,,1,1,4,,2,1,1,,,,,,,,,,,,,,,,,,,,,,,,,,,,,,,,,,,,,,,,,,,,,,,,,,,,,,,,,,,,,,,,,,,,,,,,,,,,,,,,,,,,,,,,,,,,,,,,,,,,,,,,,,,,,,,
gil,,,,,,,,,,,,,,,,,,,,,,,,,,,,,,,,,,,,2,,,,2,2,,,,,,,,,,,,,,1,,,,2,,,,,,2,,,,,,,,,,,,,,,,,,,,,,,,,,,,,1,,,,,,,,,,,,,,,,,,,,,,,,,,,,,,,,,,,,,,,,,,,,,,,,,,,,,,,,,,,,,,,,,,,,,,,,,,,,,,,,,,,,,,,,,,,,,,,,,,
tkm,,,,,,,,,2,,,,,,,,,,,,,,,,,,,,,1,,,,,,,,,,,,,,,,,,,,4,,,,,,,4,,,,,,,,,,,,,,,,,,,,,,,,,,,,,,1,,1,1,,1,1,1,1,1,2,1,,,,,,,,,,1,1,1,,,,2,,,,,,,,,,,,,,,,,,,,,,,,,,,,,,1,2,,,,,,,,,,,1,,,,,,,,,,,,,,,,,,,,,,,,,,,,,,,,,,,,
psh,4,2,4,4,2,3,1,3,2,,,1,3,1,1,7,1,5,1,1,,,,,,,,,2,1,,,2,2,3,2,,,,5,5,,,,,,,,2,1,,,3,3,1,,6,2,,,4,,,,,,,,,,,,,2,,,,,,,,,,3,5,1,1,,1,1,,1,1,1,1,1,1,,1,,,,,1,6,2,1,1,2,1,,,,,,,,,,,,,,,,2,1,,,,6,,,,,,,,,,,,,,,,,,,,,,,,,1,,,,,3,,,,2,4,4,20,,,,,,,,,,,5,,,,4,4,2,11,,,,,,
mgl,,,,,,,,,,,,,,,,,,,,,,,,,,,,,,,,,,,,,,,,,,,,,,,,,,,,,,,,,,,,,,,,,,,,,,,,,,,,,,,,,,3,6,,,,,,,,,,,,,,,,,,,,,,,,,,,,,,,,,,,,,,,,,,,,,,,,,,,,,,,,,,,,,,,,,,,,,,,,,,,,,,,,,,,,,,,,,,,,,,,,,,,,,,,,,,,,,
chc,,,,,,,,,3,,,,,,,,,,,,,,,,,,,,2,,,,,,,2,,,2,5,5,,,,,,,,,,,,,,1,,,,1,,4,,,,,,,,1,,,,,2,4,2,,1,,,,3,3,,,,1,,1,1,,1,1,1,1,1,2,1,,,,,,,6,2,,1,1,1,,,,1,,,,,1,,2,1,,,,,2,,,,2,2,2,2,1,,,,,,,,,,,,,,,,,,,,,1,,,,1,1,,,,1,4,4,7,3,,,,,,,,,,3,,,,4,4,1,11,,,,,,
mnx,,,,,,,,,,,,,,,2,8,1,,,,,,,,,,,,,,,,,,,,,,,,,,,,,,,,2,,,,,,,,,,,,,,,,,,,,,,,,,,4,,,,,,,,,,,,,,,,,,,,,,,,,,,,,,,,,,,,,,,,,,,,,,,,,,,,,,,,,,,,,,,,,,,,,,,,,,,,,,,,,,,,,,,,,,,,,,,,,,,,,,,,,,,,,,,,,,,,,
oya,,,,,,,,,,,,,,,,,,,,,,,,,,,,,2,,,,,,,2,4,,,3,,,,,,,,,,,1,,,,1,,,,,,,,,,,,,,,,,,,2,,,,,,,,,,,,,1,,1,1,,,,,,3,4,,,,1,,,,2,2,,,5,,,,,,,,,,,,,,,,,,1,,,,1,,,,,,,,,,,,,,,,,,,,,,,,,1,,,,1,4,,,,4,2,4,20,,,,,,,,,,,6,,,,4,4,8,2,,,,,,
zaz,,,,,,,,,,,,,,,,,,,,,,,,,,,,,,,,,,,,,6,,,,,,,,,,,,,3,,,,,,1,6,,,,,,,,,,,,,,,,,,1,4,,,,,,,,,,,1,,1,1,,1,,2,1,1,,,,,,,,,6,2,,1,,2,,,,,,,,1,,,,,,,,,1,1,7,1,6,,2,2,1,,,,,,,,,,,,,,,,,,,,,,,,,,3,,,,2,4,4,20,,,,,,,,,,,5,,,,4,4,2,11,,,,,,
khm,3,3,2,1,1,1,3,3,2,2,,1,3,1,7,8,5,4,1,1,,,,,,,,,1,1,1,1,1,1,1,7,4,4,,1,,3,,1,,,,6,4,4,1,2,1,1,9,2,4,,2,3,4,,,,1,,,1,,2,4,2,2,5,5,2,,2,2,,,1,1,4,5,1,2,,1,2,,2,2,2,2,2,1,,1,,,,,2,2,2,1,4,4,4,1,1,1,,1,1,1,4,,2,,,,,3,2,,1,7,1,1,3,1,1,2,2,4,4,1,,,,,1,,,1,,,,,,,,,2,,,,2,1,,,,1,4,4,2,3,,2,,,,4,1,7,4,,,,,,,,,,,,,,
pnn,,,,,,,,,,,,,,,,,,,,,,,,,,,,,,1,,,,,,,,,,,,,,,2,2,,,,,,,,,,,,7,,,,,,,,,,,,1,4,1,4,,4,4,1,2,,,,,,,,,3,,2,2,,2,2,3,,1,,,,,,,,,,1,1,4,,5,,,,,,,,,,,,,,,,,,,,,,,,,,,,,,,,,,2,2,,,,,,,,,,,,,,,,1,,,,1,4,4,9,3,,,,,,,,,,,,,,,,,,1,,1,6,4,
ksu,,,,,,,,,,,,,,,,,,,,,,,,,,,,,,,,,,,,,,,,,,,,,,,,,,,,,,,,,7,,,,,,,,,,,,,,,,,,,,,,,,,,,,,,,,,,,,,,,,,,,,,,,,,,,,,,,,,,,,,,,,,,,,,,,,,,,,,,,,,,,,,,,,,,,,,,,,,,,,,,,,,,,,,,,,,,,,,,,,,,,,,,,,,,,,,,,
hak,2,2,3,1,1,1,1,2,,,,1,2,3,,,,,1,1,,,,,,,,,,,,,,,,,,,,,,,,,,,,,,,,,,,,,,,,,,,,,,,,,,,,,,2,,,,,,,,,,,,,2,,1,2,2,,,,1,1,2,1,,,,,,3,,2,,,3,,,,,,,,,,,,,,,,,,,,,,,,,,,,,,,,,,,,,,,,,,,,,,,,,,,,1,,,,1,4,4,2,3,,2,,,,4,1,7,4,,,,,,,,,,,,,,
kop,,,,,,,,,,,,,,,1,5,2,5,,,,,,,,,,,2,,,,,,,2,,,1,3,,,,,,,,,,1,,,,,1,,,,,,2,,,,,,,,,,,,,2,,,,,,,,,,,,,,,,1,,1,1,1,,1,,,,,,,,,,,,1,,1,,,,,,,,,,,,,,,,,3,,,,,,,,,,,,,,,,,,,,,,,,,,,,,,,,,,1,,,,1,4,4,,,,,,,,,,,,,,,,,,,,,,,,,
udm,,,,,,,,,,,,,,,,,,,,,,,,,,,,,2,,,,,,,2,6,,1,,,,,,,,,,,1,,,8,2,1,1,,,,,2,,,,,,,,1,2,2,1,3,2,,,,2,,,,,,,,,1,,1,1,,1,1,1,1,1,,,,,,,,1,,,2,1,,1,,,,2,,,,1,,,,,,,,,,,,1,,,,,,1,,,1,,,,,,,,,,,,,,,,,1,,,,,2,,,,4,1,4,8,4,,,,,,,,,,4,,,,4,4,8,1,,,,,,
lno,,,,,,,,,,,,,,,,,,,,,,,,,,,,,,,,,,,,,,,,,,,,,,,,,,,,,,,,,7,,,,,,,,,,,,,,,,,,1,3,4,,,,,,,,,,,,,,,,,,,,,,,,,,,,,,,,,,,,,,,,,,,,,,,,,,,,,,,,,,,,,,,,,,,,,,,,,,,,,,,,,,,,,,,,,,,,,,,,,,,,,,,,,,,,,,,,,,,
srd,,,,,,,,,,,,,,,1,3,1,,,,,,,,,,,,2,,,,,,,2,,,,,,,,,,,,,,,,,,,,,4,,,,,,,,,,,,,,,,,2,1,3,,,,,,,,,,,2,,1,2,,,,2,,1,1,,1,,,,,1,1,,1,,4,4,,,,,,,,,,,,,,,,,2,,,,1,,,,,,,,,,,,,,,,,,,,,,,,,,,,,,1,,,,1,4,4,2,3,,2,,,,4,1,7,4,,,,,,,,,,,,,,
mlt,,,,,,,,,3,,,,,,1,3,7,4,,,,,,,,,,,,,,,2,2,3,,6,,3,,,,,,2,1,5,,,2,1,,,,,2,6,,,,,,,,,,4,1,,1,1,2,4,,1,4,4,,2,1,1,,,4,2,1,,,,,,,,,,,,,,,,,,,,,,,,,,,,,,,,1,,,,,,,,,,,,3,,1,2,2,2,1,,,,,,,,,,,,,,,,,,,,2,,,,1,,,,,,,,,,,,,,,,,,,,,,,,,,,,,,,,
uyg,,,,,,,,,2,,,,,,,,,,,,,,,,,,,,2,1,,,,,,2,,,1,,,,,,,,,,,,,,,,1,,4,4,,,2,,,,,,,,,1,2,2,3,2,,,,,,,,,,,,,1,,1,1,,,,1,,,2,1,,,,,,,,,,,1,1,,,,1,,,,,,,,,,,,,1,,,,,,,,,,,,,,,,,,,,,,,,,,,,,1,,,,,4,,,,4,2,4,20,,,,,,,,,,,6,,,,4,4,8,2,,,,,,
aym,4,1,5,1,1,4,2,2,3,,,1,2,1,6,8,1,,1,1,1,1,2,5,3,3,3,2,2,1,1,2,,,,2,,6,,,2,4,,4,,,,6,1,,,3,6,2,6,1,3,,,,2,2,1,1,,,,,,,,,,2,4,2,1,1,2,3,3,3,2,4,5,1,1,,1,1,,1,1,1,1,1,,,,,,,,1,2,2,,1,,1,3,3,5,2,5,4,5,,,1,,,,,,2,2,2,2,,1,,,,,1,,,,,,,,1,2,,1,,,,,,,,,,,,,,1,,,,1,4,4,16,,,,,,,,,,,15,2,,,4,1,1,11,,,,,,
som,3,3,2,2,3,2,1,2,3,,,1,2,2,,,,,1,4,,,,,,,,,2,1,,,,,,2,6,,,3,4,,,,4,3,,,1,2,2,,3,2,9,2,4,,,,2,,,,,,,1,2,2,1,1,4,2,,,,2,2,2,3,,,,,,1,,1,1,,4,3,2,4,1,1,,1,,,,,1,4,2,1,5,2,2,,,,4,,,,3,,,,,,,,,2,2,5,1,1,4,3,1,2,,,,2,1,1,1,,,,,,,,,,,,,,1,,,,1,1,,,,1,4,4,7,3,,,,,,,,,,3,,,,4,4,1,11,,,,,,
crn,,,,,,,,,,,,,,,6,8,1,1,,,,,,,,,,,2,,,,,,,2,,,,1,4,,,,,,,,2,,,,,,9,,,,,,4,,,,,,,,,,,,,2,,,,,,,,,,,,,2,,1,2,,2,2,2,2,1,1,,1,,,,,,1,2,1,4,4,4,,,,2,,,,,,,,,,,,,2,,,,1,,,,,,,,,,,,,2,2,,,,,,,,,,,,,,,,1,,,,1,4,4,9,3,5,,,,,,,,,,,,,,,,,7,,1,6,4,
gag,,,,,,,,,3,,,,,,,,,,,,,,,,,,,,,,,,,,,,,,1,,,,,,,,,,,1,,,,,,,,4,,,,,,,,,8,,,,,,,,,,,,,,,3,3,,,,,,,,,,,,,,,,,,,,,,,,,,,,,,,,,,,,,,,,,,,,,,,,,,,,,,,,,,,,,,,,,,,,,,,,,,,,,,,,,,,,,,,,,,,,,,,,,,,,,,,,,,,,,
ass,,,,,,,,,,,,,,,,,,,,,,,,,,,,,2,1,,,,,,,,,,,,,,,,,,,,1,,,,,1,,,2,3,,,,,,,,,,,,,,,2,,,,,,,,,,,,,1,,1,1,,,1,1,1,3,,,,,,,,,6,2,,,,1,,,,2,,,,,,,,,,,,,1,,,1,2,,,,,,,,1,,,,,,,,,,,,,,,,,1,,,,,3,,,,2,4,4,20,,,,,,,,,,,5,,,,4,4,2,11,,,,,,
nav,4,1,5,3,1,1,2,4,3,1,,1,2,2,1,,,,1,1,1,,,,,,,,6,3,1,3,,,,2,,6,,,,3,,3,5,1,,3,,1,2,4,1,1,9,2,5,,1,,1,,,,,,8,2,1,,,,,1,5,4,4,2,1,2,2,2,4,4,5,4,1,,1,1,4,1,1,2,1,1,3,,,1,,,,1,5,2,1,1,5,2,1,,2,2,5,5,3,,,1,,,,,1,1,2,2,3,1,1,4,1,1,1,1,,,2,,,,,2,1,3,1,,,,,,,,,,,,,,1,,,,1,4,4,16,,,,,,,,,,,15,3,,,1,1,1,11,,,,,,
ace,,,,,,,,,,,,,,,7,8,5,1,,,,,,,1,1,1,2,1,,,,,,,9,1,,,5,5,,,,3,1,,6,,1,,2,,,9,,,,,,4,,,,,,,2,1,,,,,5,5,2,,,2,1,2,,,,,,7,,3,3,6,2,2,2,2,1,1,,1,,,,,3,5,3,1,5,5,5,,,4,,5,5,2,4,,2,,,,,,2,,,,1,1,3,1,1,2,,4,4,1,1,1,1,1,,,,,,,,,1,1,1,1,2,,,,,1,,,,1,4,4,,,,,,,,,,,,,,,,,,,,,,,,,
lin,,,,,,,,,,,,,,,,,,,,,,,,,,,,,,,,,5,3,3,,,5,,,,,,,,,,,,,,,,,,,,,,,,,,,,,,,,,,,,,2,3,3,2,2,3,2,,,,,,2,,1,2,1,,2,2,,,,,,,,,,,6,2,,,,4,,,,2,,,,2,,,3,4,3,2,,,2,,,1,6,,,,,2,4,3,3,,,,,,,,,,,,,,,,,2,,,,,2,,,,4,1,4,4,6,,4,,,,4,8,7,1,,,,,,,,,,,,,,
krc,,,,,,,,,2,,,,,,,,,,,,,,,,,,,,2,,,,,,,2,,,2,4,2,,,,,,,,,1,,,,,1,,,,,,2,,,,,,,,,,,,,2,1,1,,,,,,,,,,,1,,1,1,,1,1,1,1,1,2,1,,,,,,,6,2,,1,1,1,,,,2,,,,,2,,,,,,,,5,,,,2,,,,,,4,4,,,,,,2,2,,,,,,,,,,,,,,,,10,,,,4,3,4,16,4,,,,,,,,,,15,5,,,4,4,8,7,,,,,,
lez,5,2,5,4,2,4,2,2,3,2,,3,3,1,1,1,3,,1,1,1,1,1,2,2,2,2,2,2,3,3,1,1,1,1,2,6,4,1,4,2,3,,1,3,3,4,6,1,1,1,2,8,6,1,2,4,2,1,2,4,2,1,1,6,4,1,1,1,1,1,1,3,2,4,4,4,1,2,3,3,2,2,3,2,1,1,,1,1,,1,1,1,1,1,2,1,,,,,,1,6,2,4,1,1,1,4,4,1,5,1,1,1,1,,2,3,4,8,5,2,2,1,3,3,1,2,2,2,1,1,1,4,4,1,3,3,2,2,1,2,,2,,,,,1,1,1,1,,,,,,4,,,,4,2,4,20,,,,,,,,,,,6,,,,4,4,8,2,,,,,,
kmk,,,,,,,,,2,,,,,,,,,,,,,,,,,,,,2,,,,,,,2,,7,,5,5,,,,,,,,,,,,,,1,,4,,,,2,,,,,,,,,,,,,2,1,2,1,2,,,,2,2,,,,,,1,1,,1,1,1,,,2,1,,,,,,1,6,2,,1,1,1,,,,,,,,,,,,,,,,2,2,,,,2,,,,,,,,,,,,,1,2,,,,,,,,,,,1,,,,,6,,,,1,1,4,16,,,,,,,,,,,15,24,,,,,,,,,,,,
haw,1,2,1,1,1,1,1,2,,,,1,1,1,6,8,2,1,3,1,,,,,,,,,1,1,,,1,1,1,7,,5,3,1,1,,,,3,1,3,,1,,,,,,9,3,5,3,1,,4,,,,,,,,1,1,4,2,4,,5,2,1,,2,3,2,,,,,,3,,2,2,,2,2,2,1,1,1,,1,,,,,2,,2,1,4,4,4,,,,5,,,,,,,,,,,,2,2,,,,,,,,,,,,,,,,,1,1,3,,,,,,,,,,3,,,,,1,,,,1,4,4,9,3,,,,,,,,,,,,,,,,,,1,,1,6,4,
kin,,,,,,,,,,,,,,,,,,,,,,,,,,,,,,,,,,,,,,,,,,,,,,,,,,,2,,1,1,7,2,,,,,,,,,,,,,,,,,,1,,,,2,,,,,,,,,2,,1,2,1,2,,2,1,2,,,,,,,,,,2,,4,,4,,,,,,,,2,,,,,,,3,2,1,,,,,,,,,,4,,,,,,,,,,,,,,,,,,,1,,,,,3,,,,2,4,4,20,,,5,,,,4,2,7,4,,,,,,,,,,,,,,
cri,,,,,,,,,2,,,,,,,,,,,,,,,,,,,,,,,,,,,,,,1,,,,,,,,,6,,4,,2,,,,,,,,,,,,,,,,,,,,,,,,,,,,,,,,,,,,,,,,,,,,,,,,,,,,,,,,,,,,,2,,2,4,1,,,1,,,,,,,,,,,,,,,,,,,,,,,,,,,,,,,,,,,,,,,,,,,,,,,,,,,,,,,,,,,,,,,,,,,,,,,,
tng,,,,,,,,,,,,,,,1,3,2,1,,,,,,,,,,,1,1,,,,,,7,,,,1,1,,,,2,2,,,,,,,,,9,2,,3,2,,4,,,,,,,,,,,,,5,,,,,,,,,,,,,7,2,2,2,,2,2,2,2,2,1,,1,,,,,3,,2,1,4,4,4,,,,,,,,,,,,,,,,2,4,,,,,,1,1,2,,,,,,,,,,,,,,,,,,,,,,,,,,1,,,,1,4,4,16,3,,,,,,,,,,,,,,,,,,5,,1,6,4,
kbl,,,,,,,,,,,,,,,,,,,,,,,,,,,,,,,,,,,,,,,,,,,,,3,2,,,,,,,,,,,,,,,,,,,,,3,,,,,,,,4,,,,,,,,,,,,3,,2,2,1,2,2,2,,,1,,1,,,,,,6,,,4,4,4,,,,,,,,,,,,,,,,,6,,,,6,1,3,1,1,1,,,,,,,,,,,,,,,,,,,,3,,,,,14,1,,,1,1,4,18,,,,,,,,,,,,,,,,,,,22,1,5,2,4,
shn,,,,,,,,,,,,,,,,,,,,,,,,,,,,,6,,,,5,3,3,1,,,,,,,,,,,5,,,,2,,,,,2,6,,,,,,,,,,,2,,,,,,1,,,1,2,,,,,,,,,2,,1,2,,2,2,2,2,2,1,,1,,,,,,,2,1,4,4,4,,,,,,,,,,,,,,,2,2,1,,,,,4,3,2,1,2,,,,,,,,1,2,,,,,,,,,,,,,,,,3,,,,2,4,4,20,,,5,,,,4,2,7,4,,,,,,,,,,,,,,
pap,,,,,,,,,,,,,,,,,,,,,,,,,,,,,,,,,,,,,,,1,,,,,,,,,,,,,,,,,,6,,,,,,,,,,,,,,,,,,,,,,,,,,,,,,,,,,,,,,,,,,,,,,,,,,,,,,,,,,,,,,,,,,,,,,,,,,,5,1,1,1,,,,,,,,,,,,,,,,,,,,,,,,,,,,,,,,,,,,,,,,,,,,,,,,,,,,,,,,,
tpi,,,,,,,,,,,,,,,,,,,,,,,,,,,,,,,,,,,,,,,1,,,,,,,,,,,,,,,,,,4,,,,,,,,,,,1,,2,1,2,4,,,,,,,,,,,,,,,,,,,,,,,,,,,,,,,,,,,,,,,,,,,,,,,,,,,,,,,,,,,,1,1,1,,,,,1,1,1,1,1,2,,,,,,,,,,,,,,,,,,,,,,,,,,,,,,,,,,,,,,,,,,,,,,,
lao,,,,,,,,,,,,,,,,,,,,,,,,,,,,,1,,,,,,,9,,,3,5,5,,,,,,,,,,,,,,9,,,,,,4,,,,,,,,,2,4,2,2,5,,,,,,,,,,,,,2,,1,2,,2,2,2,2,2,1,,1,,,,,2,2,2,1,4,4,4,,,,,,,,,,,,,,,,,4,,,,1,,1,1,1,,,,,,,,,2,2,,,,,,,,,,,3,,,,2,1,,,,1,4,4,2,3,,2,,,,4,1,7,4,,,,,,,,,,,,,,
lak,5,1,5,4,2,4,2,2,3,2,,1,3,1,,,,,1,4,,,,,,,,,,,2,2,4,2,2,,6,4,1,,,3,,3,,,,6,,1,,2,8,2,1,2,,2,,,,,,,,,1,,1,,,,,,1,2,1,,2,1,2,1,1,,,,,,1,1,,1,,1,,,,,,,,,,,,,,1,,1,4,1,3,,3,2,1,1,,2,2,1,8,5,,,,,,1,,,,,,,,,1,,,,,,,,1,,,,,,,,,,,,,,,,,,,,,,,,,,,,,,,,,,,,,,,,,,,,,
wlf,4,3,3,2,2,1,1,2,,2,,1,3,1,,,,,1,1,,,,,,,,,1,2,,,,,,6,,4,,1,1,,,,,,,,,,1,,,,9,,6,,,,2,,,,,,,2,2,2,1,2,3,5,1,2,1,,2,1,2,,,,,,2,,1,2,1,2,2,2,2,1,1,,1,,,,,2,1,1,1,4,4,4,,,,4,,,,2,,,,,3,3,,,4,,,1,1,,1,1,1,2,,,1,,,,,,,,,,,,,,,,,3,,,,,8,,,,1,2,4,16,3,,13,7,,,4,1,2,4,,,,,,,,,,,,,,
ava,5,2,5,4,1,4,2,4,,,,1,3,1,1,1,7,5,1,4,,,,,,,,,2,,,,,,,2,,,,,,,,,,,,,,,,,,,1,2,4,,1,,,,,,6,2,1,1,,,,,,2,1,2,4,1,,,,,,,,,1,,1,1,,1,1,1,1,1,,,,,,,,1,3,2,,1,,1,,,,,,,,,,,,,,,,,3,,,,1,2,2,2,1,,,,,,,,,,,,,,,,,,,,,,,,,1,2,,,,4,1,4,8,4,,,,,,,,,,4,,,,4,4,8,1,,,,,,
sra,,,,,,,,,,,,,,,,,,,,,,,,,,,,,,,,,,,,,,,,,,,,,,,,,,,,,,,,,,,,,,,,,,,,2,,,,,,,,,,,,,,,,,,,,,,,,,,,,,,,,,,,,,,,,,,,,,,,,,,,,,,,,,,,,,,,,5,1,1,1,4,,,,,,,,,,,,,,,,,,,,2,,,,1,,,,,,,,,,,,,,,,,,,,,,,,,,,,,,,,
tah,,,,,,,,,,,,,,,1,5,2,5,,,,,,,,,,,1,,,,,,,7,,,,,2,,,,,,,,,,,,,,9,2,6,,,,,,,,,,,2,,1,1,2,3,5,4,4,,,,,,,,,,,3,,2,2,,2,3,2,1,3,1,,1,,,,,2,3,2,1,4,4,4,,,,,,,,,,,,,,,,2,2,,,4,1,2,3,1,2,,,,,,,,,1,1,3,,,,,,,,,,2,,,,,1,,,,1,4,4,9,3,,,,,,,,,,,,,,,,,,1,,1,6,4,
kon,,,,,,,,,,2,,,,,2,8,1,1,,,,,,,,,,,6,,1,2,5,3,3,1,,4,3,,,3,,3,,,,2,1,,,2,1,1,9,,,2,,,4,,,,,,,,,,,,,4,2,2,1,2,2,,,1,1,,,,2,,1,2,,2,2,2,2,2,,,,,,,,,,,,4,,4,1,1,2,2,5,2,2,4,,1,,,,,,2,6,1,7,,,,,,,,,,1,,,,,1,2,,,,,,,,,,,,,,,,16,16,,5,3,3,4,16,6,,14,,18,,4,5,,,,,,,,,,,,,,,,
nau,,,,,,,,,,,,,,,,,,,,,,,,,,,,,,1,,,,,,,,,,,,,,,,,,,,,,,,,,,,3,3,,,,,,,,,,,,,,,,,,,,,,,,,,,,7,,3,2,,,,2,6,,,,,,,,,,,,,,,4,,,,,,,,,,,,,,,,,,,,,,,,,,,,,,,,,,,,,,,,,,,,,,,,,,,,,,,,,,,,,,,,,,,,,,,,,,,,,,,,,,
igb,5,3,3,4,2,1,1,2,1,2,,1,1,2,,,,,1,3,,,,,,,,,,1,1,1,1,1,1,6,,4,,,,3,,1,,,,6,1,,,2,1,1,,,6,,1,,4,,,,,,,1,,,,,,2,1,1,4,2,2,1,2,1,1,4,5,1,2,,1,2,1,2,2,2,2,2,1,,1,,,,,,6,2,1,4,4,4,3,3,1,4,1,1,1,2,,2,3,4,3,4,1,2,,2,3,,6,5,3,1,1,2,,,,3,3,3,1,1,2,,3,,,,,,,,,,,,,2,,,,,,,,,,,,,,,,,,,,,,,,,,,,,,,,
kkp,,,,,,,,,2,,,,,,,,,,,,,,,,,,,,2,,,,,,,2,,,,,2,,,,,,,,,3,,,,,1,,,,,,2,,,,,,,,,,,,,2,,,,,,,,,,,,,1,,1,1,,1,1,1,1,1,2,1,,,,,,1,6,2,,1,1,1,,,,,,,,,,,,,,,,,1,,,1,2,,,,,,,,,,,,,,,,,,,,,,,,,1,,,,,4,,,,4,2,4,20,,,,,,,,,,,6,,,,4,4,8,2,,,,,,
zul,4,2,5,3,1,1,5,4,,2,,1,2,2,6,8,1,1,1,2,1,5,1,3,1,2,5,2,6,2,1,2,5,3,3,1,6,4,1,5,5,3,,3,,,5,2,1,,2,2,1,1,2,,6,,1,2,,2,1,1,6,2,,2,2,1,2,1,3,1,1,4,1,2,1,2,2,1,1,4,5,1,2,,1,2,,2,2,2,6,,1,,1,,,,,,2,2,1,4,4,4,1,1,2,2,5,2,2,2,2,1,3,4,3,1,2,2,1,3,3,1,1,4,3,2,1,2,4,,1,3,3,3,,2,2,,1,,,,,1,2,1,1,3,,,,,15,,7,,2,2,4,20,,,15,,,12,4,4,6,4,,,,,,,,,,,,,,
cyn,,,,,,,,,,,,,,,,,,,,,,,,,,,,,,,,,,,,,,,,,,,,,,,,,,,,,,,,,,,,,,,,,,,,,,2,2,1,4,,,,,,,,,,,,,,,,,,,,,,,,,,,,,,,,,,,,,,,,,,,,,,,,,,,,,,,,,,,,,,,,,,,,,,,1,2,,,,,,,,,,,3,,,,,,,,,,,,,,,,,,,,,,,,,,,,,,,,,,,,
tsw,,,,,,,,,,,,,,,,,,,,,,,,,,,,,,2,,,,,,,,,,,,,,,,,,,,,,,,,,,,,,,,,,,,,,,,,,,,,,,,,,,,,,,,,,,,,,,,,,,,,,,,,,,,,,,,,,,,,,,,,,,,,,,,2,,,,,,,,,,,,,,,,,,2,2,,,,,,,,,,,2,,,,,,,,,,,,,,,,,,,,,,,,,,,,,,,,,,,,
che,1,2,4,1,1,1,1,2,,,,1,2,2,,,,,1,1,,,,,,,,,5,,,,,,,1,,,,5,5,,,,,,,,,,,,,,,,,,,,1,,,,,,,,,,,,,2,,,,,,,,2,2,,,,7,,3,1,6,1,1,1,1,1,2,1,,,,,,1,3,1,,1,1,1,,,,2,,,,3,,,,,,,,,,,,,1,,3,1,1,,,,,,,,,2,2,,,,,,,,,,,3,,,4,,1,,,,1,4,4,,,,,,,,,,,,,,,,,,,,,,,,,
bsm,,,,,,,,,,,,,,,,,,,,,,,,,,,,,,1,,,,,,,,,,,,,,,,,,,,,,,,,,,5,,,,,,,,,,,,,,,,,,,,,,,,,,,,,,,,,,,,,,,,,,,,,,,,,,,,,,,,,,,,,,,,,,,,,,,,,,,,,,,,,,,,,,,,,,,,,,,,,,,,,,,,,,,,,,,,,,,,,,,,,,,,,,,,,,,,,,,
sam,,,,,,,,,,,,,,,,,,,,,,,,,,,,,1,1,,,,,,7,,5,,1,1,,,,3,1,3,6,,2,,2,,,9,2,3,3,2,,4,2,1,1,,,5,2,,,,,,1,,,,,,,,,,4,5,3,7,2,2,2,,2,2,2,6,3,1,,1,,,,,3,1,2,1,4,4,4,,,1,,1,1,1,,,2,3,4,,,,2,2,,,,1,1,1,1,2,3,,,5,,,,,1,2,,,,,,,,,,,,,,,2,1,,,,1,4,4,16,3,,,,,,,,,,,,,,,,,,5,,1,6,4,
bam,3,3,3,4,2,1,1,2,1,,,1,1,2,,,,,1,1,,,,,,,,,2,,1,1,,,,2,,4,1,1,,3,,1,,,,6,1,2,,2,1,1,,3,6,,,,,,,,,,4,1,,,,,,2,1,4,3,2,2,1,2,,,,,,1,,1,1,5,1,1,2,6,2,4,,,,1,,,,2,,,1,5,2,1,1,1,,1,1,1,,2,2,,,,,,2,,3,3,,1,1,3,1,1,,2,2,,,,,,1,2,,1,,,,,,,,,3,,,,1,1,,,,1,4,4,6,2,,,,,,,,,,2,,,,4,1,8,11,,,,,,
swt,,,,,,,,,,,,,,,,,,,,,,,,,,,,,,1,,,,,,,,,,,,,,,3,,,,,,,,,,,,,,1,,,,,,,,,,,,,,,,,,,,,,,,,,,,7,,3,2,,,2,3,1,3,1,,1,,,,,,2,,1,,4,5,,,,,,,,,,,,,,,,2,6,,,,1,,,,,,,,,,,,,,,,,,,,,,,,,,,,,,14,4,,,2,2,4,,,,,,,,,,,,,,,,,,,,,,,,,
sdh,5,3,4,4,2,1,3,2,,,,1,,1,1,6,1,,1,1,,,,,,,,,,,,,,,,,,,,,,,,,,,,,,,,,,,,,,2,,,,,,,,,,,,,,,,,,,,2,,,,,,,,,,,,,,,,,,,,,,,,,,,,,,,,,,,,,,,,,,,,,,,,,,,,,,,,,,,,,,,,,,,,,,,,,,,,,,1,,,,,,,,,,,,,,,,,,,,,,,,,,,,,,,,,,,,
kik,,,,,,,,,,,,,,,,,,,,,,,,,,,,,6,1,,,,,,1,,,,,,,,,,,,,,,,,,,,,,,,,4,,,,,,,,,1,2,2,3,4,,,,,,,,,,,,,2,,1,2,,2,2,2,2,,1,,1,,,,,,6,2,1,4,4,4,,,,2,,,,2,,,,,,,,,1,,,,6,,,,,,,,,,,,,,,,,,,,,,,,,1,,,,,3,,,,2,4,4,20,,,5,,,,4,2,7,4,,,,,,,,,,,,,,
ewe,4,3,3,4,2,1,1,2,1,,,1,2,2,,,,,1,3,,,,,4,2,5,1,4,1,1,2,1,1,1,8,,6,1,2,1,3,,1,2,,,6,1,2,2,3,1,1,9,1,6,,,,2,2,1,2,,,7,2,,2,4,1,4,,5,2,4,2,2,1,2,1,1,1,5,1,2,,1,2,,1,1,2,2,2,1,,1,,,,,,2,2,1,3,4,4,1,1,2,2,5,2,2,,,2,3,4,8,5,1,1,6,3,3,,1,1,3,1,1,,,,2,,1,1,,,,,1,,,,,,,,,2,,,,,14,1,,,1,1,4,18,,,14,,1,,4,5,7,3,,,,,,,,,,,,,,
tuv,3,3,2,2,2,1,1,2,2,,,2,3,1,,,,,1,1,,,,,,,,,2,1,,,,,,2,,,,5,5,,,,,,,,,1,,,,,1,,4,2,1,,2,2,1,1,,,2,,,,,,,2,1,2,,2,2,1,1,,,,,,1,,1,1,,1,1,1,1,,,,,,,,,,2,,,1,,1,,,,2,,,,,2,,,,,,,,1,,,1,1,,,,,1,,,,,,,,,,,,,,,,2,2,1,1,1,,,,,4,,,,4,2,4,20,,,,,,,,,,,6,,,,4,4,8,2,,,,,,
hau,4,2,4,4,3,1,5,2,3,2,,1,2,2,,,,,1,1,2,5,1,4,3,2,5,2,1,1,4,1,2,2,3,2,6,5,3,1,1,3,,1,4,1,1,1,1,2,,3,1,1,9,1,6,2,1,,2,2,1,1,,,7,2,2,2,4,2,4,5,2,4,3,2,2,1,2,1,1,4,5,1,2,,1,2,1,2,2,1,6,2,1,,1,,,,,2,2,3,1,4,4,3,1,1,1,4,1,1,1,3,2,1,3,4,3,2,1,2,2,3,3,1,1,4,2,1,1,2,4,3,2,3,2,1,,1,2,,1,,,,,1,1,1,1,1,,,,2,15,,1,,1,1,4,19,3,,15,,,1,4,3,7,3,,,,,,,,,,,,,,
fij,3,2,3,1,1,1,1,2,1,2,,1,1,1,1,3,2,1,1,5,2,5,1,4,1,1,1,2,1,2,2,1,1,1,1,,,5,,5,5,5,,1,3,1,1,6,2,,2,4,1,1,9,2,6,3,1,,2,2,3,1,4,,,2,2,2,1,2,2,5,5,2,3,2,2,3,3,1,1,4,5,1,7,2,2,2,6,2,2,2,2,1,1,,1,,,,,3,6,2,1,4,4,4,1,,2,4,5,2,2,1,2,1,3,4,7,2,2,2,,2,1,,6,1,1,1,1,,4,,5,1,1,1,1,2,2,,1,,,,,1,1,1,2,,,,,,1,,,,1,4,4,16,3,,,,,,,,,,,,,,,,,,5,,1,6,4,
tig,,,,,,,,,,,,,,,,,,,,,,,,,,,,,,1,,,,,,2,6,,,2,2,,,,,,,,,,,,,,7,,,,,,2,,,,,,,,2,2,1,1,4,,,,,,,,,,,,,,1,,1,1,,2,3,1,1,,,,,,,,,,,1,,2,,1,,,,,,,,1,,,,,,,,,6,,,,,,,,,,,,,,,,,,,,,,,,,,,,,,,,,,14,4,,,2,2,4,18,,,,,,,,,,,16,,6,,4,4,6,6,,,,,,
tsn,,,,,,,,,,,,,,,,,,,,,,,,,,,,,,,,,,,,,,,,,,,,,,,,,,,,,,,,,,,,,,,,,,,,,,,,,,,,,,,,,,,,,,,,,,,,,,,,,,,,,,,,,5,2,,,,,,,,4,,,,,,,,,,,,,2,,,,1,,,,,,,,,,,,,,,,,,,,,,,,,,,,,,1,,,,1,4,4,,,,,,,,,,,,,,,,,,,,,,,,,
kas,4,3,3,2,2,1,1,2,,,,1,,1,,,,,1,1,,,,,,,,,,,,,2,2,3,,,,,,,,,,2,1,,2,2,3,1,2,4,4,,,5,2,,,,,,,,,,,1,,,,,,1,2,,2,2,1,1,,,,,,2,,1,2,1,1,1,1,1,1,7,,4,,3,,,,,2,,3,5,3,,,6,4,5,5,2,1,,1,3,4,8,5,,2,1,,,1,3,,,,,1,,,1,3,2,2,1,2,2,,,,,,,,,,,,,,,,4,,,,4,2,4,20,,,6,,,,4,8,2,4,,,,,,,,,,,,,,
san,4,3,3,4,2,1,3,2,3,1,,1,1,2,,,,,1,3,1,5,6,1,4,2,5,2,6,,1,3,1,1,1,1,,4,1,1,,3,,1,,,1,6,2,2,,2,1,1,9,1,,,,,4,2,1,1,,,2,2,1,2,4,2,4,5,5,1,3,,2,3,2,1,1,4,5,1,2,,1,2,1,2,2,1,2,2,1,,1,,,,,2,2,2,1,4,4,3,1,1,1,2,1,1,1,1,1,2,3,4,8,5,,,2,1,7,,1,4,,,,,4,,1,,1,1,,,,,1,,,,,1,2,1,2,1,,,,,2,,,,4,1,4,4,6,,4,,,,4,8,7,1,,,,,,,,,,,,,,
ven,,,,,,,,,,,,,,,,,,,,,,,,,,,,,,,,,,,,,,,,,,,,,,,5,,,,2,,,,,2,,,,,,,,,,,,,,,,,,1,,,,,,,,,,,,,2,,1,2,,,,2,,2,,,,,,,,,,,,,,4,,,,2,,,,,,,,,,,,,1,,,,,,,,,,4,,,,,,,,,,,,,,,,,,,,,,,,3,,,,2,4,4,20,,,5,,,,4,2,7,4,,,,,,,,,,,,,,
ses,,,,,,,,,,,,,,,,,,,,,,,,,,,,,,1,,,,,,,,,1,,,,,,,,,,,,,,,,,,6,,1,3,,,,,6,2,,,,1,2,2,3,,,,,,,,,,,4,5,1,2,,1,2,1,2,2,2,2,,1,,1,,,,,,6,,,4,4,4,,,,4,,,,,,,,,,,,,2,,,,6,,,,,,,,,,,,,,,,,,,,,,,,,2,,,,,1,,,,1,4,4,21,,,11,,,,,,7,4,,,,,,,,,,,,,,
akn,1,3,2,2,2,1,1,1,,,,1,2,2,,,,,1,1,,,,,,,,,6,1,,,,,,6,,,1,2,,,,,,,,,,,,,,,9,,,2,,,1,,,,,,,2,,1,4,1,3,1,2,1,,,2,3,3,,,,,,2,,1,2,,4,1,2,2,2,,,,,,,,2,5,2,5,5,,4,,,,,,,,2,,,,,,,,,1,,,,1,3,3,1,1,,,,,2,2,2,1,,,,,,,,,,,,,,,,,,3,,,,2,4,4,20,,,5,,,,4,2,7,4,,,,,,,,,,,,,,
lda,,,,,,,,,,,,,,,,,,,,,,,,,,,,,6,,,,,,,1,,,1,,,,,,,,,,,,,,,,7,,,,1,,2,2,1,2,,,,2,,2,2,1,3,1,,,,,,,,,,,,,,,1,,,2,2,2,2,2,1,,1,,,,,,,2,1,,5,,,,,2,,,,,,,,,,,,,1,,,,,4,3,2,2,,,,,,,,,,,,,,,,,1,1,1,1,1,,,,,3,,,,2,4,4,,,,,,,,,,,,,,,,,,,,,,,,,
cic,,,,,,,,,,,,,,,,,,,,,,,,,,,,,6,,,,5,3,3,1,6,,,,,,,,,,,,,2,,,,,,,,,,,,,,,,,,,1,,,,,1,,,,,,,,,,,,,2,,1,2,1,2,2,2,2,2,1,,1,,,,,,1,2,1,4,4,4,,,,2,,,,,,,3,4,3,3,,,1,,,,1,,,,,2,,,1,,,,,,,,,,,,,,,,,2,,,,,3,,,,2,4,4,20,,,5,,,,4,2,7,4,,,,,,,,,,,,,,
cha,3,2,3,2,2,1,1,2,1,2,,1,2,1,1,4,3,4,1,1,7,5,2,4,2,1,5,2,1,1,1,3,1,1,1,7,2,4,1,1,,5,,1,3,1,1,6,1,,1,3,1,1,,,6,7,1,,2,2,3,1,6,2,5,2,1,1,4,2,4,,,2,4,2,1,3,2,2,4,1,5,1,3,,2,2,,2,2,1,1,1,1,,1,,,,,1,1,3,1,4,4,3,1,4,3,,2,2,1,3,2,1,2,2,1,4,2,2,2,1,7,2,1,,1,1,1,,4,4,1,,1,1,,1,2,,1,,,,,1,1,1,2,1,,,,,1,,,,1,4,4,9,3,,,,,,,,,,,,,,,,,,1,,1,6,4,
xho,,,,,,,,,,,,,,,,,,,,,,,,,,,,,6,1,,,,,,1,,,,2,4,,,,,,,,,,,,,,2,,,,,,4,,,,,,,,,,,,,4,,,,,,,,,,,,,2,,1,2,,2,2,2,6,2,1,,1,,,,,,,2,,4,4,4,,,,4,,,,,,,,,,,,,1,,,,1,,,,,,,,,,,,,,,,,,,,,,,,,2,,,,,3,,,,2,4,4,20,,,5,,,,4,2,7,4,,,,,,,,,,,,,,
ndo,,,,,,,,,,,,,,,,,,,,,,,,,,,,,4,,,,,,,1,,,,5,5,,,,,,,2,,,,2,,,2,,,,,,2,,,,,,,,,,,,,2,,,,,,,,,,,,,2,,1,2,,2,2,2,2,2,1,,1,,,,,2,,2,1,4,4,4,,,2,1,5,2,2,,,1,,,,,,2,2,,,,,,,,,,,,,,,,,,,,,,,,,,,,,,,,,,1,,,,1,4,4,21,,,11,,,,,,7,4,,,,,,,,,,,,,,
cct,,,,,,,,,3,,,,,,1,5,4,2,,,,,,,,,,,4,1,,,,,,9,,,,,,,,,,,,,,,,,,,6,,,,1,,1,,,,,,,1,,,,,,2,,,,,,,,2,2,,,,1,,1,1,3,1,1,4,2,2,3,,,1,,,,2,2,2,4,1,5,5,,,,2,,,,1,,,2,3,,,,2,1,,,,1,3,1,1,1,,,,,,,,,2,2,,,,,,,,,,,,,,,,4,,,,4,2,4,20,,,,,,,,,,,6,,,,4,4,8,2,,,,,,
msh,,,,,,,,,,,,,,,,,,,,,,,,,,,,,,1,,,,,,,,,,,,,,,2,1,4,,,2,,,,,,2,4,7,,,,,,,,,,,,,,,,,,,,,,,,,,,,,,,,,,,,,,,,,,,,,,,,,,,,,,,,,,,,,,,,,,,,,,,,,,,,,,,,,,,,,,1,2,,,,,,,,,,,2,,,,,,,,,,,,,,,,,,,,,,,,,,,,,,,,,,,,
knr,4,3,3,4,2,1,1,2,1,2,,1,2,2,,,,,1,1,,,,,3,2,5,2,2,1,1,3,1,1,1,2,6,5,1,1,1,3,,3,2,,1,6,1,,,2,6,4,6,2,5,,1,3,2,2,1,1,4,2,6,2,2,1,1,1,3,2,1,4,4,2,2,3,3,1,1,1,2,1,1,,1,1,4,1,2,2,2,2,1,,1,,,,,2,6,1,5,1,2,2,2,2,2,2,5,2,4,1,,1,3,4,3,2,1,2,1,3,3,1,2,4,3,1,2,1,,,,3,1,1,1,1,2,,1,,,,,1,1,3,2,2,,,,,4,,,,4,2,4,20,,,,,,,,,,,6,,,,4,4,8,2,,,,,,
her,,,,,,,,,,,,,,,,,,,,,,,,,,,,,,,,,,,,,,,,,,,,,,,,,,,,,,,,,6,,,,,,,,,,,,,,,,,,1,4,1,2,,,,,,,,,,,,,,,,,,,,,,,,,,,,,,,,,,,,,,,,,,,,,,,,,,,,,,,,,,,,,,,,,,,,,,,,,,,,,,,,,,,,,,,,,,,,,,,,,,,,,,,,,,,,,,,,,,
mnd,4,2,3,3,1,3,1,2,2,2,,3,2,3,1,7,6,,1,1,7,1,1,1,2,2,2,2,2,1,1,1,1,1,1,2,2,8,3,,,5,,1,2,1,6,3,2,4,1,2,1,1,9,2,4,1,3,3,4,2,1,1,1,6,8,2,2,1,4,2,4,2,5,2,4,2,2,1,1,1,1,4,5,1,2,,1,2,2,4,1,1,1,1,2,1,,,,,,1,2,2,,5,3,3,1,1,1,5,1,1,1,4,2,1,3,4,8,5,,3,2,3,1,1,1,3,1,1,1,2,4,4,1,1,1,1,1,2,2,,1,7,5,1,1,1,1,1,1,1,,,,,1,,,,1,4,4,2,3,,2,,,,4,1,7,4,,,,,,,,,,,,,,
nor,3,3,2,2,2,1,1,2,,,,2,3,2,1,4,4,4,1,1,,,,,,,,,2,,,,,,,2,,,3,3,2,,,,,,,,2,,1,,,,1,1,7,,,,4,,,,,,,,,,,,,2,4,1,4,2,,,,,,,,,2,,1,2,,2,3,1,1,1,1,,1,,,,,1,6,1,1,4,4,3,,,,1,,,,,,,,,,,,,2,,,,4,,,,,,,,,,,,,2,2,,,,,,,,,,,2,,,,,6,,,,1,1,4,16,,,13,1,,,4,1,1,4,,,,,,,,,,,,,,
amr,,,,,,,,,3,,,,,,,,,,,,,,,,,,,,3,,,,,,,6,,,,3,3,,,,,,,,,,,,,,9,,7,,1,1,2,,,,,2,,,,,,,,4,1,3,4,2,2,1,2,,,4,2,1,,,2,2,,2,2,2,1,1,1,,1,,,,,2,1,,1,4,4,4,,,,2,,,,,,,,,,,,,6,,,,1,,2,2,2,1,,,,,,,,1,2,,,,,,,,,,,,,,,1,14,4,,,2,2,4,18,,,,,,,,,,,,,,,,,,,22,6,6,4,4,
ams,,,,,,,,,,,,,,,,,,,,,,,,,,,,,2,,,,,,,,,,,3,,,,,,,,,,,,,,,1,,,,,,2,,,,,,,,,,,,,,,,,,,,,,,,,,3,,2,2,1,2,2,2,1,1,,,,,,,,2,1,,1,4,,4,,,,,,,,,,,,,,,,,,,,,1,,,,,1,,,,,,,,,,,,,,,,,,,,,,,,,1,,,,1,4,4,9,3,,,,,,,,,,,,,,,,,,1,,1,6,4,
heb,,,,,,,,,3,2,,,,,7,8,1,1,,,6,5,3,3,2,2,5,2,3,1,1,2,2,2,3,2,6,4,4,3,2,3,,3,2,1,2,1,1,1,1,3,1,1,7,1,6,1,1,2,2,2,1,1,6,2,6,1,1,2,1,1,4,4,1,4,1,2,2,1,1,1,1,1,5,1,2,,1,2,,2,2,2,2,1,1,,1,,,,,3,1,1,1,4,4,4,2,2,2,6,2,4,1,1,3,1,3,4,8,5,2,2,2,3,1,1,1,1,2,2,2,1,4,3,1,2,1,1,1,2,2,,1,,,,,1,1,1,1,2,,,,1,1,,,,1,4,4,2,3,,2,,,,4,1,7,4,,,,,,,,,,,,,,
slo,,,,,,,,,,,,,,,1,5,5,5,,,,,,,,,,,2,,,,,,,2,,,,,,,,,,,,,,,,,,,1,,7,,,,,,,,,,,,,,,,,,1,1,4,2,2,3,1,,,3,5,1,2,,1,2,,2,3,1,1,1,,,,,,,,,,,,4,,3,,,,2,,,,,,,,,,,,,2,,,,1,,,,,,,,,,,,,,,,,,,,,,,,,1,,,,,1,,,,1,4,4,2,3,,2,,,,4,1,7,4,,,,,,,,,,,,,,
nor,3,3,2,2,2,1,1,2,,,,2,3,2,1,4,4,4,1,1,,,,,,,,,2,,,,,,,2,,,3,3,2,,,,,,,,2,,1,,,,1,1,7,,,,4,,,,,,,,,,,,,2,4,1,4,2,,,,,,,,,2,,1,2,,2,3,1,1,1,1,,1,,,,,1,6,1,1,4,4,3,,,,1,,,,,,,,,,,,,2,,,,4,,,,,,,,,,,,,2,2,,,,,,,,,,,2,,,,,6,,,,1,1,4,16,,,13,1,,,4,1,1,4,,,,,,,,,,,,,,
arm,1,2,4,3,1,3,2,2,3,2,,1,,1,1,5,5,4,1,1,,,,2,,,,,2,2,3,3,1,1,1,2,6,5,4,3,1,3,,3,,,3,6,2,,1,2,5,3,1,2,6,7,1,1,2,2,1,1,,,2,1,,1,1,2,3,2,1,2,4,2,2,3,2,,,3,2,1,7,1,1,3,6,1,1,1,1,1,7,2,2,,,,,1,6,2,1,5,5,5,2,2,2,2,2,4,1,,,1,3,4,8,5,2,2,5,3,1,,6,2,2,2,1,,,,,,,,,,,,1,,,,,,,,,2,,,,,7,,,,3,4,4,16,,,13,22,,,4,1,7,4,15,16,,,4,4,7,11,,,,,,
arw,,,,,,,,,,,,,,,,,,,,,,,,,,,,,2,2,,,,,,2,,,,3,1,,,,,,,,,,,,,,1,,6,,,,2,,,,,,,,,,,,,2,,,,,,,,2,3,,,,1,,1,1,6,1,1,1,1,1,1,,1,,,,,1,6,2,1,1,2,1,,,,2,,,,,,,,,,,,,3,,,,6,,,,,,,,,,,,,1,2,,,,,,,,,,,,,,,,7,,,,3,4,4,16,,,,,,,,,,,15,22,,,,,2,11,,,,,,
grk,3,2,3,4,2,1,1,2,3,2,,1,3,1,5,8,6,1,1,5,1,2,3,3,3,3,3,2,2,3,3,3,3,2,3,2,6,5,4,1,2,3,,3,3,1,,3,2,1,2,2,3,6,1,1,7,5,,,4,2,1,1,,,3,1,1,1,1,2,1,2,1,4,1,2,2,1,1,1,1,3,2,1,7,3,3,2,,2,2,1,1,1,1,,1,,,,,1,1,1,1,4,4,3,2,2,2,2,5,2,3,1,3,1,3,4,8,5,2,1,2,1,7,1,1,5,2,2,1,4,1,1,2,3,1,1,1,2,2,,1,,,,,2,2,1,1,1,,,,1,1,,,,1,4,4,16,3,,13,10,,,4,1,7,4,,,,,,,,,14,,1,6,4,
scr,,,,,,,,,,,,,,,1,5,5,5,,,,,,,,,,,2,,,,,,,2,6,,,5,5,,,,,,1,,,1,,,5,6,1,,7,,,,4,,,,,,,1,,,,,,5,1,1,4,,2,1,1,,,3,1,1,2,,1,2,,2,3,1,1,1,,,,,,,,1,5,,1,4,,3,,,,2,,,,,,,,,,,,,2,,,1,1,5,2,2,1,,,,,,,,,1,2,,,,,,,,,,,1,,,,1,1,,,,1,4,4,21,,,11,,,,,,7,4,,,,,,,,,,,,,,
new,3,1,4,2,2,1,1,2,,,,1,2,1,,,,,1,1,,,,,,,,,2,,,,,,,8,3,,1,,,,,,,,,,,,,,,,1,,,,3,,4,,,,,,,,,,,,,2,,,,2,,,,,,,,,1,,1,1,,1,1,1,1,2,2,1,,,,,,1,2,2,5,1,1,1,,,,,,,,,,,,,,,,,1,,,,1,,,,,,,,,,,,,,,,,,,,,,,,,1,,,,,3,,,,2,4,4,20,,,,,,,,,,,5,,,,4,4,2,11,,,,,,
hcr,,,,,,,,,,,,,,,,,,,,,,,,,,,,,,,,,,,,,,,,,,,,,,,,,,,,,,,,,6,,,,,,,,,,,2,,,,,,,,,,,,,,,,,,,,,,,,,,,,,,,,,,,,,,,,,,,,,,,,,,,,,,,,,,,,3,3,,,5,1,1,1,,,,,,,,,,,,,,,,,,,,,,,,,,,,,,,,,,,,,,,,,,,,,,,,,,,,,,,,,
lux,,,,,,,,,,,,,,,,,,,,,,,,,,,,,,,,,,,,,,,,,,,,,,,,,,,,,,,,,,,,,,,,,,,,,,,,,,,,,,,,,,,,,,,,,,,,,,,,,,,,,,,,,,,,,,,,,,,,,,,,,,,,,,,,,,,,,,,,,,,,,,,,,,,,,,,,,,,,2,,,,,,,,,,,,,,,,,,,,,,,,,,,,,,,,,,,,
frw,,,,,,,,,,,,,,,,,,,,,,,,,,,,,,,,,,,,,,,,,,,,,,,,,,,,,1,3,,,6,,,,,,,,,,,,,,,,,,,,,,,,,,,,,,,,,,,,,,,,,,,,,,,,,,,,,,,,,,,,,,,,,,,,,,,,,,,,,,,,,,,,,,,,,,,,,,,,,,,,,,,,,,,,,,,,,,,,,,,,,,,,,,,,,,,,,,,
pan,,,,,,,,,,,,,,,,,,,,,,,,,,,,,2,1,,,2,2,3,2,6,,1,5,5,,,,2,1,2,,2,3,1,,2,6,1,,,,,3,,,,,,,2,,,1,1,1,3,2,1,2,,2,2,1,3,,,,,,1,,1,1,,1,1,1,1,1,7,3,,2,,,,1,1,2,1,1,5,1,,,,2,,,,,,,3,4,8,5,,2,2,,,,1,,,,,,,,,3,2,2,1,2,2,,,,,,,,,,,1,,,,,1,,,,1,4,4,7,3,,,,,,,,,,3,,,,4,4,1,11,,,,,,
lge,,,,,,,,,,,,,,,,,,,,,,,,,,,,,,,,,,,,,,,,,,,,,,,,,,,,,,,,,6,,,,,,,,,,,,,,,,,,,,,,,,,,,,,,,,,,,,,,,,,,,,,,,,,,,,,,,,,,,,,,,,,,,,,,,,,,,,,,,,,,,,,,,,,,,,,,,,,,,,,,,,,,,,,,,,,,,,,,,,,,,,,,,,,,,,,,,
krd,4,3,3,4,2,2,1,2,2,,,1,3,1,,,,,1,4,,,,,,,,,3,,,,,,,2,6,4,,3,3,,,,,,,6,,,,3,,,9,,,2,,,2,,,,,,,,,,,,,4,1,,,,,,,,,,,,1,,1,1,,2,2,2,6,1,1,,1,,,,,1,,2,1,2,2,2,,,2,2,5,3,2,,,1,,,,,,,1,,,,,,,,,,,,,,,,,,,,,,,,,,,,,,,,,,3,,,,2,4,4,20,,,,,,,,,,,5,,,,4,4,2,11,,,,,,
que,,,,,,,,,,,,,,,7,8,1,5,,,,,,,,,,,,,,,,,,,,,,,,,,,,,,,,,,,,,,,,,,,,,,,,,,,,,,,,,,,,,,,,3,2,,,,,,,,,,,,,,,,,,,,,,,,,,,,,,,,,,,,,,,,,,,,,,,,,,,,,,,,,,,,,,,,,,,,,,,,,,,,,,,,,,,,,,,,,,,,,,,,,,,,,,,,,,,,,
bug,,,,,,,,,,,,,,,6,8,1,,,,,,,,,,,,,,,,,,,,,,,,,,,,,,,,,1,,,,,,,,3,,,,,,,,,,,,,,,,,,,,,,,,,,,,,2,,1,2,,,2,,2,,1,,1,,,,,1,,2,1,,4,,,,,,,,,,,,,,,,,,,,,,1,,,,,,,,,,,,,,,,,,,,,,,,,,,,,,1,,,,1,4,4,21,,,11,,,,,,7,4,,,,,,,,,,,,,,
itn,,,,,,,,,,,,,,,,,,,,,,,,,,,,,,,,,,,,,,,,,,,,,,,,,,,,,,,,,,,,,,,,,,,,,,,,,,,,,,,,,,,,,,,,,,,,,,,,,,,,,,,,,,,,,,,,,,,,,,,,,,,,,,,,,,,,,,,,,,,,,,,,,,,,,,,,,,,,,,,,1,,,,,,,,,,,,,,,,,,,,,,,,,,,,,,,,
krd,4,3,3,4,2,2,1,2,2,,,1,3,1,,,,,1,4,,,,,,,,,3,,,,,,,2,6,4,,3,3,,,,,,,6,,,,3,,,9,,,2,,,2,,,,,,,,,,,,,4,1,,,,,,,,,,,,1,,1,1,,2,2,2,6,1,1,,1,,,,,1,,2,1,2,2,2,,,2,2,5,3,2,,,1,,,,,,,1,,,,,,,,,,,,,,,,,,,,,,,,,,,,,,,,,,3,,,,2,4,4,20,,,,,,,,,,,5,,,,4,4,2,11,,,,,,
gae,,,,,,,,,,,,,,,2,8,1,4,,,,,,,,,,,3,3,,,2,2,3,6,,,,1,4,,,,,,,,2,,,,,,5,,6,,,,,,,,,,,1,,,,,,4,,,,,,,,,,,,,3,,2,2,1,2,2,2,2,1,1,,1,,,,,1,6,1,1,4,4,4,,,,1,,,,,,,3,4,8,5,,,2,,,,2,1,2,1,1,4,4,3,,,,,,2,2,,,,,,,,,,,,,,,,1,,,,1,4,4,9,3,,,,,,,,,,,,,,,,,,1,,1,6,4,
aeg,3,2,4,4,3,4,1,2,3,2,,1,3,1,1,4,7,1,1,4,6,5,3,4,4,4,5,2,3,1,1,2,2,2,3,6,6,4,4,3,4,3,,3,2,1,5,1,1,2,,3,1,1,9,2,6,1,1,,2,2,1,1,,,6,1,1,1,1,1,4,4,1,3,4,2,2,1,1,1,1,4,2,1,2,,1,2,1,2,2,2,2,3,1,,1,,,,,2,1,2,1,4,4,4,1,1,2,2,5,4,2,4,2,1,3,4,8,5,2,2,2,1,7,1,1,1,2,2,2,,4,3,2,,,,,,,,1,,,,,1,1,1,1,1,,,,,15,,14,,3,2,4,19,3,,15,,,15,4,7,6,4,,,,,,,,,,,,,,
ykt,3,3,3,4,2,1,1,3,2,,,2,3,1,,,,,1,1,,,,,,,,,2,,,,1,1,1,2,,5,,,,,,,,,,,,1,,,,,1,2,6,4,,2,2,,,,,,,2,,,,,,2,,,,2,,,,3,3,,,,1,,1,1,,1,1,1,1,,2,1,,,,,,,,,,1,1,1,,,,,,,,,2,,,,,,,2,1,,,1,,1,2,2,1,,,,,,,,,,,,1,,,,,,,,,1,,,,,4,,,,4,2,4,20,,,,,,,,,,,6,,,,4,4,8,2,,,,,,
nhh,,,,,,,,,,,,,,,,,,,,,,,,,,,,,4,,,,,,,2,,,,,,,,,,,,,2,,,,,,,,,,,,1,,,,,,,,,,,,,2,,,,,,,,1,1,,,,3,,2,2,,2,2,2,1,1,1,,1,,,,,1,,1,1,4,4,4,,,,2,,,,,,,,,,,,,2,,,,,,,,,,,,,,,,,,,,,,,,,,,,,,,,,,1,,,,1,4,4,9,3,,,,,,,,,,,,,,,,,,1,,1,6,4,
nhn,2,1,3,1,1,1,1,2,3,2,,1,2,1,,,,,1,1,,,,,,,,,,,,,,,,2,,,,,,,,,,,,,2,,,,,,,,,2,,,1,,,,,,,,,,,,,2,,,,,,,,2,4,,,,2,,1,2,,,,3,1,1,7,2,2,,,,,,,1,,,5,5,,,,2,,,,,,,,,,,,,,,,,,,,,,,,,,,,,,,,,,7,5,1,1,,,,,,,,,,,,,,,,,,,,,,,,,,,,,,,,,,,,,,,,,
snh,3,3,3,2,2,1,1,2,,,,1,,1,,,,,1,1,,,,,,,,,,,,,,,,,,,1,,,,,,,,2,,3,,1,,5,2,1,,6,,1,,,,,,,,,1,,,,,,2,,,4,,,,,,,,,,1,,1,1,,1,,1,,3,1,,1,,,,,1,,,5,1,2,1,,,,,,,,,,,,,,,,2,,,,,,1,2,1,2,,,,,,,,,1,2,,,,,,,,,,,2,,,,,,,,,,,,,,,,,,,,,,,,,,,,,,,,,,,,
gba,,,,,,,,,,,,,,,,,,,,,,,,,,,,,,,,,,,,,,,,,,,,,,,,,,,,,,,,,,1,,,,,,,,,,,,,,,,,,,,,,,,,,,,,,,,,,,,,,,,,,,,,,,,,,,,,,,,,,,,,,,,,,,,,,,,,,,,,,,,,,,,,,,,,,,,,,,,,,,,,,,,,,,,,,,,,,,,,,,,,,,,,,,,,,,,,,
sou,,,,,,,,,,,,,,,,,,,,,,,,,,,,,,,,,,,,,,,,,,,,,,,,,,,,,,,,,7,,,,,,,,,,,,,,,,,,1,2,,,,,,,,3,5,1,,,,,,,,,,,,,,,,,,,,,,,,,,,,,,,,,,,,,,,,,,,,,,,,,,,,,,,,,,,,,1,,,,,,,,,,,,,,,,,,,,,,,,,,,,,,,,,,,,,,,,,,,,,
dli,,,,,,,,,,,,,,,,,,,,,,,,,,,,,,,,,,,,,,,,,,,,,,,,,,,,,,,,,,1,,,,,,,,,,,,,,,,,,,,,,,,,,,,,,,,,,,,,,,,,,,,,,,,,,,,,,,,,,,,,,,,,,,,,,,,,,,,,,,,,,,,,,,,,,,,,,,,,,,,,,,,,,,,,,,,,,,,,,,,,,,,,,,,,,,,,,
ilo,,,,,,,,,,,,,,,,,,,,,,,,,,,,,,1,,,,,,,,,,,,,,,,,,,,2,,,1,3,,,,,,,,,,,,,,,,,,,,,,,,,,,,,,,,,3,,2,2,,2,,1,1,,,,,,,,,3,,1,,4,,3,,,,,,,,,,,,,,,,,,,,,,,1,1,1,4,,,,,,,,1,2,,,,,,,,,,,,,,,2,,,,,,,,,,,,,,,,,,,,,,,,,,,,,,,,
fno,,,,,,,,,,,,,,,,,,,,,,,,,,,,,,,,,,,,,,,,,,,,,,,,,,,,,,,,,7,,,,,,,,,,,,,,,,,,,,,,,,,,,,,,,,,,,,,,,,,,,,,,,,,,,,,,,,,,,,,,,,,,,,,,,,,,,,,,,,,,,,,,,,,,,,,,,,,,,,,,,,,,,,,,,,,,,,,,,,,,,,,,,,,,,,,,,
bkl,,,,,,,,,,,,,,,1,3,6,1,,,,,,,,,,,1,1,,,,,,7,,,,,,,,,,,,,,,,,,,9,1,,,,,,,,,,,,,,,,,,4,,,,,,,,,,,,,,,2,2,,2,3,3,,,,,,,,,,2,,2,1,4,,5,,,,,,,,,,,,,,,,,,,,,,,,,,,,,,,,,,2,2,,,,,,,,,,,,,,,,,,,,,,,,,,,,,,,,,,,,,,,,,,,,,,,
mah,,,,,,,,,,,,,,,1,6,2,5,,,,,,,,,,,,,,,,,,,,,,,,,,,,,,,,1,,,,,,2,5,,,,,,,,,,,,,,,,,,,,,,,,,,,,,,,,,,,,,,,,,,,,,,,,,,,,,,,,,,,,,,,,,,,,,,,,,,,,,,,,,,,,,,,,,,,,,,,,,,,,,,,,,,,,,,,,,,,,,,,,,,,,,,,,,,,,,,,
kzy,4,3,3,4,2,1,1,2,,,,1,3,1,,,,,1,1,,,,,,,,,,,,,,,,,,,1,,,,,,,,,,,1,,,,,1,3,7,,1,,,2,1,1,,,,,,,,,,,,,,,,,,3,6,,,,2,,1,2,1,1,1,1,,1,,,,,,,,,,,5,3,,3,,,,,,,,,,,,,,,,,3,,,1,,,2,2,2,,,,,,,,,,,,,,,,,,,,,,,,,,1,,,,1,4,4,2,3,,2,,,,4,1,7,4,,,,,,,,,,,,,,
mme,4,3,3,3,1,1,1,2,,,,2,,,1,5,2,5,1,5,,,,,,,,,2,3,,,,,,2,,,2,,,,,,,,,,,1,,,,,1,,,,,,2,,,,,,2,,,,,,,2,1,4,4,2,,,,,,,,,,,,1,,1,1,1,,,,,,,,,,,,,,1,,1,,,,2,,,,,,,,,,,,,3,,,1,,,2,2,2,,,,,,,,,,,,,,,,,,,,,1,,,,,1,,,,1,4,4,,,,,,,,,,,,,,,,,,,,,,,,,
dhi,,,,,,,,,,,,,,,,,,,,,,,,,,,,,,,,,,,,,5,,,,,,,,,,,,,,,,,,,,,,,,,,,,,,,,2,,,,,,,,,,,,,,,,,,,,,,,,1,1,1,1,2,1,,,,,,,2,,,,,,,,,2,,,,1,,,,,,,,,1,,,,1,,,,,,,,1,,,,,,,,,,,,,,,,,3,,,,,3,,,,2,4,4,,,,,,,,,,,,,,,,,,,,,,,,,
vep,,,,,,,,,,,,,,,,,,,,,,,,,,,,,,,,,,,,,,,,,,,,,,,,,,,,,,,,,7,,,,,,,,,,,,,,,,,,,,,,,,,,,,,,,,,,,,,,,,,,,,,,,,,,,,,,,,,,,,,,,,,,,,,,,,,,,,,,,,,,,,,,,,,,,,,,,,,,,,,,,,,,,,,,,,,,,,,,,,,,,,,,,,,,,,,,,
wuc,4,3,3,3,1,1,1,2,,,,3,,3,,,,,1,1,,,,,,,,,,,,,,,,,,,,,,,,,,,,,,,,,,,,,,,,,,,,,,,,,,,,,,,,,,,,,,,,,,,,,,,,,,,,,,,,,,,,,,,,,,,,,,,,,,,,,,,,,,,,,,,,,,,,,,,,,,,,,,,,,,,,,,,,,,,,,,,,,,,,,,,,,,,,,,,,,,,,,,,,,,,,
fea,,,,,,,,,,,,,,,,,,,,,,,,,,,,,,,,,,,,,,,,,,,,,,,,,,,,,,,,,6,,,,,,,,,,,,,,,,,,,,,,,,,,,,,,,,,,,,,,,,,,,,,,,,,,,,,,,,,,,,,,,,,,,,,,,,,,,,,,,,,,,,,,,,,,,,,,,,,,,,,,,,,,,,,,,,,,,,,,,,,,,,,,,,,,,,,,,
grp,,,,,,,,,,,,,,,,,,,,,,,,,,,,,,,,,,,,,,,,,,,,,,,,,,,,,,,,,,1,,,,,,,,,,,,,,,,,,,,,,,,,,,,,,,,,,,,,,,,,,,,,,,,,,,,,,,,,,,,,,,,,,,,,,,,,,,,,,,,,,,,,,,,,,,,,,,,,,,,,,,,,,,,,,,,,,,,,,,,,,,,,,,,,,,,,,
grn,,,,,,,,,,,,,,,,,,,,,,,,,,,,,,,,,,,,,,,,,,,,,,,,,,,,,,,,,6,,,,,,,,,,,2,,,,,,,,,,,,,,,,,,,,,,,,,,,,,,,,,,,,,,,,,,,,,,,,,,,,,,,,,,,,,,,,5,3,1,1,,,,,,,,,,,,,,,,,,,,,,,,,,,,,,,,,,,,,,,,,,,,,,,,,,,,,,,,,
dut,,,,,,,,,,,,,,,1,4,3,1,,,,,,,,,,,2,,,,,,,2,6,,4,1,1,,,,,,,3,2,3,1,2,1,3,9,,6,1,,2,4,,,,,,3,1,,,,,,2,4,1,4,,2,1,1,2,5,1,5,1,7,1,1,3,6,2,2,1,1,1,1,,1,,,,,,6,,1,5,5,5,,,2,1,2,2,1,,,1,,,,,,,2,,,2,4,5,2,2,1,4,,,,,,,,2,2,,,,,,,,,,,2,,,,2,6,,,,1,1,4,16,6,,13,15,,,4,8,7,1,15,9,,,4,4,1,11,,,,,,
srl,,,,,,,,,,,,,,,,,,,,,,,,,,,,,,,,,,,,,,,,,,,,,,,,,,,,,,,,1,7,,,,,,,,,,,,,,,,,,,,,,,,,,,,,,,,,,,,,,,,,,,,,,,,,,,,,,,,,,,,,,,,,,,,,,,,,,,,,,,,,,,,,,,,,,,,,,,,,,,,,,,,,,,,,,,,,,,,,,,,,,,,,,,,,,,,,,,
nsy,,,,,,,,,,,,,,,6,8,1,,,,,,,,,,,,,,,,,,,,,,,,,,,,,,,,,,,,,,,,,,,,,,,,,,,,,,,,,,,,,,,,,,,,,,,,,,,,,,,,,,,,,,,,,,,,,,,,,,,,,,,,,,,,,,,,,,,,,,,,,,,,,,,,,,,,,,,,,,,,,,,,,,,,,,,,,,,,,,,,,,,,,,,,,,,,,,,
naa,,,,,,,,,3,,,,,,,,,,,,,,,,,,,,,,,,,,,,,,,,,,,,,,,,,,,,,,,,,,,,,,,,,,,,,,,,,,,,,,,,,,,,,,,,,,,,,,,,,,,,,,,,,,,,,,,,,,,,,,,,,,,,,,,,,,,,,,,,,,,,,,,,,,,,,,,,,,,,,,,,,,,,,,,,,,,,,,,,,,,,,,,,,,,,,,,
naj,,,,,,,,,,,,,,,6,8,1,,,,,,,,,,,,2,,,,,,,2,,,,3,2,,,,,,,,,,,,,,7,,,,1,,2,,,,3,5,,,,,,,,4,,,,,,,,,,,,,1,,1,1,5,2,2,2,1,1,1,,1,,,,,,6,2,1,2,2,2,,,,2,,,,,,,,,,,,,2,,,,6,,,,,,,,,,,,,,,,,,,,,,,,,,,,,,1,,,,1,4,4,7,3,,,,,,,,,,3,,,,4,4,1,11,,,,,,
nap,3,2,4,4,2,4,1,2,,,,1,3,1,,,,,1,1,,,,,,,,,,,,,,,,,,,,,,,,,,,,,,,,,,,,,,,,,,,,,,,,,,,,,,,1,,,,,,,,,,,,,,,,,,,,,,,,,,,,,,,,,,,,,,,,,,,,,,,,,,,,,,,,,,,,,,,,,,,,,,,,,,,,,,,,,,,,,,,,,,,,,,,,,,,,,,,,,,,,,,,,,,,,,
grw,3,1,4,3,1,4,1,4,2,2,,1,2,1,7,8,4,4,1,1,1,2,1,3,3,3,3,2,2,3,2,3,1,1,1,2,6,4,2,5,5,3,,3,3,1,4,6,1,1,1,3,7,6,1,2,7,,,,2,2,1,1,,,7,2,1,2,4,1,4,2,1,4,4,2,1,2,1,2,2,4,5,1,1,,1,1,4,1,1,2,6,2,1,,1,,,,,1,6,2,,1,2,2,4,1,2,2,5,2,2,3,4,1,2,1,3,1,,2,1,2,3,1,2,5,3,1,1,1,4,4,,3,3,3,2,,,,2,,,,,3,2,1,2,,,,,,4,,,,4,2,4,20,,,,,,,,,,,6,,,,4,4,8,2,,,,,,
moe,,,,,,,,,,,,,,,,,,,,,,,,,,,,,2,,,,,,,2,,,2,3,,,,,,,,,,1,,,8,2,1,,,7,1,,2,,,,,,,1,,,,,,2,1,2,,,,,,,,,,,2,,1,2,,1,,1,,,,,,,,,,1,,,,3,,3,,,,2,,,,,,,,,,,,,2,,,1,,2,2,2,1,,,,,,,,,,,,,,,,,,,,,1,,,,,1,,,,1,4,4,21,,,11,,,,,,7,4,,,,,,,,,,,,,,
mmo,,,,,,,,,,,,,,,1,5,5,5,,,,,,,,,,,,,,,,,,,,,,,,,,,,,,,,1,,,,,,,,7,,,,,,,,,,,,,,,,,,,,,,,,,,,,,,,,,,,,,,,,,,,,,,,,,,,,,,,,,,,,,,,,,,,,,,,,,,,,,,,,,,,,,,,,,,,,,,,,,,,,,,,,,,,,,,,,,,,,,,,,,,,,,,,,,,,,,,
kab,5,1,5,4,2,4,3,5,3,,,1,,1,,,,,1,7,,,,,,,,,4,,,,,,,2,,,1,3,,,,,2,3,,,,,,,,,1,,,7,,,,,,,,,,,,,,,,4,,,,1,,,,,,,,,1,,1,1,,1,1,,1,,2,1,,,,,,,6,2,,1,1,,,,,2,,,,,2,,2,1,,,,,1,3,6,,5,,1,1,1,,,,,,,,,,,,1,,,,,,,,,1,,,,,4,,,,4,2,4,20,,,,,,,,,,,6,,,,4,4,8,2,,,,,,
cvc,,,,,,,,,,,,,,,,,,,,,,,,,,,,,,2,,,,,,,,,,,,,,,,,,,,,,,,,,,,,,,,,,,,,,,,,,,,,,,,,,,,,,,,,,,,,,,,,,,,,,,,,,,,,,,,,,,,,,,,,,,,,,,,,,,,,,,,,,,,,,,,,,,,,,7,6,1,1,,,,,,,,,,,,,,,,,,,,,,,,,,,,,,,,,,,,,,,,,
ttd,,,,,,,,,,,,,,,,,,,,,,,,,,,,,,,,,,,,7,,,,,,,,,,,,,,,,,,,,,,,,,4,,,,,,,,,,,,,,,,,,,,,,,,,,2,,1,2,,2,1,2,2,2,1,,1,,,,,2,,,,4,4,4,,,,,,,,,,,,,,,,,,,,,,,,,,,,,,,,,,,,,,,,,,,,,,,,,,,,,,,,,,,,,,,,,,,,,,,,,,,,,,,,,,
but,,,,,,,,,2,,,,,,,,,,,,,,,,,,,,2,,,,,,,2,5,8,2,,,,,,,,2,,,1,,,,,1,,,4,1,3,2,,,,,,2,,,1,2,2,3,2,,,,1,,,,,,,,,1,,1,1,,1,1,1,1,1,,,,,,,,1,,,,1,,1,,,,,,,,1,2,,,,,,,2,1,,,,,,2,2,1,,,,,,,,,2,2,,,,,,,,,,,1,,,,,4,,,,4,2,4,20,,,,,,,,,,,6,,,,4,4,8,2,,,,,,
stn,,,,,,,,,,,,,,,,,,,,,,,,,,,,,,,,,,,,1,,,,5,5,,,,,,,,,,,,,,,,,,,,,,,,,,,,,,,,,4,1,4,4,,,,,,,,,,2,,1,2,,,2,,,,,,,,,,,,,,,,,,,,,2,,,,2,,,,,,,,,6,,,,,,,,,2,4,,,,,,,,,,,,,,,,,,,,,,,,14,2,,,1,2,4,18,3,,14,,6,,4,5,6,4,,,,,,,,,,,,,,
zhn,,,,,,,,,,,,,,,,,,,,,,,,,,,,,1,2,,,,,,9,,,,,,,,,,,,,,,,,,,9,,,,,,4,,,,,,,,,,,,,5,,,,,,,,,,,,,2,,1,2,,2,,,,1,1,,1,,,,,,2,2,5,4,4,,,,,,,,,,,,,,,,,,4,,,,1,,,,,,,,,,,,,,,,,,,,,,,,,,,,,,,,,,,,,,,,,,,,,,,,,,,,,,,,,,,,,
mol,,,,,,,,,,,,,,,,,,,,,,,,,,,,,,,,,,,,,,,,,,,,,,,,,,,,,,,,,,,,,,,,,,,,,,,,,,,,,,,,,,,,,,,,,,,,,,,,,,,,,,,,,,,,,,,,,,,,,,,,,,,,,,,,,,,,,,,,,,,,,,,,,,,,,,,,,,,,1,,,,,,,,,,,,,,,,,,,,,,,,,,,,,,,,,,,,
inr,,,,,,,,,,,,,,,,,,,,,,,,,,,,,,,,,,,,,,,,,,,,,2,1,,,,,,,,,,,,,,,,,,,,,,,,,,,,,,,,,,,,,,,,,,,,,,,,,,,,,,,,,,,,,,,,,,,,,,,,,,,,,,,,,,,,,,,,,,,,,,,,,,,,,,,,,,,,,,,,,,,,,,,,,,,,,,,,,,,,,,,,,,,,,,,,,,
ins,,,,,,,,,,,,,,,,,,,,,,,,,,,,,,,,,,,,,,,,,,,,,,,,,,,,,,,,,,,,,,,,,,,,,,2,2,1,2,,,,,,,,,,,,,,,,,,,,,,,,,,,,,,,,,,,,,,,,,,,,,,,,,,,,,,,,,,,,,,,,,,,,,,,,,,,,,,,,,,,,,,,,,,,,,,,,,,,,,,,,,,,,,,,,,,,,,,,
iql,,,,,,,,,2,,,,,,,,,,,,,,,,,,,,,,,,,,,,,,,,,,,,,,,,,,,,,,,,,,,,,,,,,,7,,,,,,,,,,,,,,,,,,,,,,,,,,,,,,,,,,,,,,,,,,,,,,,,,,,,,,,,,,,,,,,,,,,,,,,,,,,,,2,2,,,,,,,,,,,,,,3,,,,,,,,,,,,,,,,,,,,,,,,,,,,,,,,,
owc,,,,,,,,,,,,,,,,,,,,,,,,,,,,,,,,,,,,,,,,,,,,,,,,,,,,,,,,3,5,,,,,,,,,,,,,,,,,,,,,,,,,,,,,,,,,,,,,,,,,,,,,,,,,,,,,,,,,,,,,,,,,,,,,,,,,,,,,,,,,,,,,,,2,2,,,,,,,,,,,1,,,,,,,,,,,,,,,,,,,,,,,,,,,,,,,,,,,,
orb,,,,,,,,,,,,,,,,,,,,,,,,,,,,,,,,,,,,,,,,,,,,,,,,,,,,,,,,,6,,,,,,,,,,,,,,,,,,,,,,,,,,,4,2,1,,,,,,,,,,,,,,,,,,,,,,,,,,,,,,,,,,,,,,,,,,,,,,,,,,,,,,,,,1,,,,,,,,,,,,,,,,,,,,,,,,,,,,,,,,,,,,,,,,,,,,,,,,,
orh,4,2,4,4,3,1,5,2,3,2,,1,2,3,,,,,1,1,1,1,1,4,4,5,5,2,2,1,2,2,2,2,3,9,2,4,,5,5,3,,3,2,1,1,3,1,2,2,2,6,4,1,2,6,,1,,4,2,1,2,,,2,1,2,1,1,2,3,2,1,2,4,2,2,1,2,1,1,1,2,1,1,,1,1,3,1,2,2,2,2,1,,1,,,,,1,6,2,1,1,2,2,3,2,2,2,2,3,1,1,2,2,3,4,8,5,2,2,6,3,5,1,6,5,3,2,2,,4,4,3,3,1,1,,,,,1,,,,,1,1,1,1,1,,,,,14,6,,,2,4,1,18,,,,,,,,,,,16,,7,,4,4,6,11,,,,,,
orw,,,,,,,,,,,,,,,,,,,,,,,,,,,,,,,,,,,,9,,,,5,5,,,,,,,,,,,,,,1,,,,,,,,,,,,,,,,,,,2,,,,,,,,,,,,,1,,1,1,4,1,2,2,2,2,1,,1,,,,,,,2,,1,2,2,,,,,,,,,,,,,,,,2,6,,,,,,,,,,,,,,,,,,,,,,,,,,,,,,,,,,14,2,,,1,2,4,18,,,,,,,,,,,16,,15,,,,,6,,,,,,
akn,1,3,2,2,2,1,1,1,,,,1,2,2,,,,,1,1,,,,,,,,,6,1,,,,,,6,,,1,2,,,,,,,,,,,,,,,9,,,2,,,1,,,,,,,2,,1,4,1,3,1,2,1,,,2,3,3,,,,,,2,,1,2,,4,1,2,2,2,,,,,,,,2,5,2,5,5,,4,,,,,,,,2,,,,,,,,,1,,,,1,3,3,1,1,,,,,2,2,2,1,,,,,,,,,,,,,,,,,,3,,,,2,4,4,20,,,5,,,,4,2,7,4,,,,,,,,,,,,,,
rnd,,,,,,,,,,,,,,,,,,,,,,,,,,,,,,1,,,,,,,,,,,,,,,,,,,,,,,,,,,,,,,,,,,,,,,,,,,,,,,,,,,,,,,,,,,1,,,,,,,,,,,,,,,,,,,,,,,,,,,,,,,,,,,,,,1,,,,,,,,,2,,,,,,,,,,,,,,,,,,,,,,,,,3,,,,2,4,4,,,,,,,,,,,,,,,,,,,,,,,,,
cea,,,,,,,,,,,,,,,,,,,,,,,,,,,,,,,,,,,,,,,,,,,,,,,,,,,,,,,1,,,,,,,,,,,,,,,,,,,,,,,,,,,,,,,,7,,3,2,6,1,,,1,,,,,,,,,,3,,,3,,,1,1,,3,,,,,2,,,,,,,,2,,,,1,,,,,,,,,,,,,,,,1,5,2,6,4,,,,,,,,,,1,,,,1,4,4,21,3,,,,,,,,,,,,,,,,,,,,,,,
fua,,,,,,,,,,,,,,,,,,,,,,,,,,,,,3,,,,,,,2,,,1,,,,,,,,,,,,,,,,7,,,,,,,,,,,,,,,,,,,2,1,2,,,,,,,,,,,2,,1,2,1,2,2,2,2,2,1,,1,,,,,2,2,,1,4,4,4,,,,2,,,,,,,,,,,,,1,,,,1,,,,,,,,,,,,,,,,,,,,,,,,,1,,,,2,4,,,,4,2,4,20,,,6,,,,4,8,2,4,,,,,,,,,,,,,,
fus,,,,,,,,,,2,,,,,,,,,,,,,,,,,,,,,,,,,,,,,,,,,,,,,,,,,,,,,,,,,,,,,,,,,,,,,,,,,,,,,,,,,,,,,,,,,,,,,,,,,,,,,,,,,,,,,,,,,,,,,,,,,,,,,,,,,,,,,,2,,,,,,,,,,,,,,,,,,,,,,,,,,,,,,,,,,,,,,,,,,,,,,,,,,,,,,,,
fbf,,,,,,,,,,,,,,,,,,,,,,,,,,,,,,,,,,,,,,,,,,,,,,,,,,,,,,,,,,,,,,,,,,,,,,,,,,,,,,,,,,,,,,,,,,,,,,,,,,,,,,,,,,,,,,,,,,,,,,,,,,,,,,,,,,,,,,,,,,,,,,,,,,,,,,,,,,,,,,,,1,,,,,,,,,,,,,,,,,,,,,,,,,,,,,,,,
fni,,,,,,,,,,,,,,,,,,,,,,,,,,,,,3,,,,,,,,,,1,1,,,,,,,,2,,,,2,1,1,7,2,6,,,,2,2,1,2,,,7,2,,,,,,2,,,1,,1,2,2,,,,,,2,,1,2,,2,,2,,2,1,,1,,,,,,,1,1,4,4,4,,,2,,5,2,3,,,1,,,,,,,1,,,,,3,1,1,2,,,,,3,2,1,,,,,,,,,,2,2,1,2,,,,,,4,,,,4,2,4,20,,,6,,,,4,8,2,4,,,,,,,,,,,,,,
qaf,,,,,,,,,,,,,,,,,,,,,,,,,,,,,,,,,2,2,3,,6,,,5,5,,,,,,,,,,,,,,,,,,,,4,,,,,,,,2,,,,,,,,,,,,,,,,,,1,,1,1,,1,1,1,1,1,2,1,,,,,,,,,,1,1,1,,,,,,,,1,,,3,4,1,4,,,,,,,,,,,,,,,2,,,,,,,,,,,,,,,,,1,,,,,,,,,,,,,,,,,,,,,,,,,,,,,,,,,,,,
crk,,,,,,,,,,,,,,,1,3,7,2,,,,,,,,,,,,,,,,,,,,,,,,,,,,,,,,1,,,,,,,,,,,,,,,,,,,,,,,,,,,,,,,,,,,,,,,,,,,,,,,,,,,,,,,,,,,,,,,,,,,,,,,,,,,,,,,,,,,,,,,,,,,,,,2,2,,,,,,,,,,,,,,,,,,,,,,,,,,,,,,,,,,,,,,,,,,,,,,,
